,seq_id,Lineage,Phylum,Class,Genus,Species,Pathway,co_genes
0,MGYG000000019_25:32864:38955,d__Bacteria;p__Proteobacteria;c__Gammaproteobacteria;o__Enterobacterales;f__Enterobacteriaceae;g__Enterobacter;s__Enterobacter cloacae_O,p__Proteobacteria,c__Gammaproteobacteria,g__Enterobacter,s__Enterobacter cloacae_O,EMP,"yihV,yihS,yihT,yihU"
1,MGYG000000042_7:97803:110130,d__Bacteria;p__Bacteroidota;c__Bacteroidia;o__Bacteroidales;f__Bacteroidaceae;g__Phocaeicola;s__Phocaeicola sp900066445,p__Bacteroidota,c__Bacteroidia,g__Phocaeicola,s__Phocaeicola sp900066445,TK,"sqwG,yihR,sqvD,sqwI"
2,MGYG000000051_5:171937:184661,d__Bacteria;p__Frimucutes;c__Clostridia;o__Lachnospirales;f__Lachnospiraceae;g__Anaerosacchariphilus;s__Anaerosacchariphilus sp900066385,p__Firmicutes,c__Clostridia,g__Anaerosacchariphilus,s__Anaerosacchariphilus sp900066385,EMP,"yihV,sqiA,sqvD,sqwI"
3,MGYG000000054_12:42750:67250,d__Bacteria;p__Bacteroidota;c__Bacteroidia;o__Bacteroidales;f__Bacteroidaceae;g__Bacteroides;s__Bacteroides acidifaciens,p__Bacteroidota,c__Bacteroidia,g__Bacteroides,s__Bacteroides acidifaciens,TK,"sqvD,sqwI,sqwH,yihR,sqgA,yihS,sqwG"
4,MGYG000000066_67:590:10203,d__Bacteria;p__Frimucutes;c__Clostridia;o__Lachnospirales;f__Lachnospiraceae;g__GCA-900066755;s__GCA-900066755 sp900066755,p__Firmicutes,c__Clostridia,g__GCA-900066755,s__GCA-900066755 sp900066755,EMP,"squF,yihV,sqiA,sqvD"
5,MGYG000000073_6:25992:33928,d__Bacteria;p__Frimucutes;c__Clostridia_A;o__Christensenellales;f__GCA-900066905;g__GCA-900066905;s__GCA-900066905 sp900066905,p__Firmicutes,c__Clostridia_A,g__GCA-900066905,s__GCA-900066905 sp900066905,EMP,"yihV,sqvD,sqwH,sqwG,sqiA"
6,MGYG000000095_26:19171:28879,d__Bacteria;p__Frimucutes;c__Clostridia;o__Lachnospirales;f__Lachnospiraceae;g__GCA-900066755;s__GCA-900066755 sp902363085,p__Firmicutes,c__Clostridia,g__GCA-900066755,s__GCA-900066755 sp902363085,EMP,"squF,yihV,sqiA,sqvD"
7,MGYG000000104_4:36838:41850,d__Bacteria;p__Frimucutes;c__Clostridia;o__Clostridiales;f__Clostridiaceae;g__Clostridium;s__Clostridium cuniculi,p__Firmicutes,c__Clostridia,g__Clostridium,s__Clostridium cuniculi,TAL,"sqvA,sqvD"
8,MGYG000000135_7:9589:20563,d__Bacteria;p__Frimucutes;c__Clostridia;o__Lachnospirales;f__Lachnospiraceae;g__Murimonas;s__Murimonas intestini,p__Firmicutes,c__Clostridia,g__Murimonas,s__Murimonas intestini,EMP,"yihV,sqvD,slaB,sedD,sqgA,sqiA"
9,MGYG000000152_2:1293:6146,d__Bacteria;p__Frimucutes;c__Clostridia;o__Lachnospirales;f__Lachnospiraceae;g__Lacrimispora;s__Lacrimispora sp902363835,p__Firmicutes,c__Clostridia,g__Lacrimispora,s__Lacrimispora sp902363835,TAL,"sqvA,sqvD"
10,MGYG000000165_16:5257:20121,d__Bacteria;p__Frimucutes;c__Clostridia;o__Lachnospirales;f__Lachnospiraceae;g__Extibacter;s__Extibacter muris,p__Firmicutes,c__Clostridia,g__Extibacter,s__Extibacter muris,EMP,"sedA,yihV,sqiA,sqvD"
11,MGYG000000222_8:115975:123843,d__Bacteria;p__Bacteroidota;c__Bacteroidia;o__Bacteroidales;f__Tannerellaceae;g__Parabacteroides;s__Parabacteroides sp003473295,p__Bacteroidota,c__Bacteroidia,g__Parabacteroides,s__Parabacteroides sp003473295,TK,"sqwG,sqvD,sqwI"
12,MGYG000000281_5:90130:102950,d__Bacteria;p__Frimucutes;c__Clostridia;o__Lachnospirales;f__Lachnospiraceae;g__Lachnoclostridium_A;s__Lachnoclostridium_A sp003464085,p__Firmicutes,c__Clostridia,g__Lachnoclostridium_A,s__Lachnoclostridium_A sp003464085,TK,"sqwG,sedA,sqvD,sqwI"
13,MGYG000000350_35:1836:7032,d__Bacteria;p__Frimucutes;c__Clostridia;o__Oscillospirales;f__CAG-272;g__;s__,p__Firmicutes,c__Clostridia,g__,s__,TAL,"sqvA,sqvD"
14,MGYG000000440_2:245231:258273,d__Bacteria;p__Frimucutes;c__Clostridia;o__Oscillospirales;f__CAG-272;g__UMGS1865;s__,p__Firmicutes,c__Clostridia,g__UMGS1865,s__,TAL,"sqvA,sqvD,sedA,yihU,sqgA"
15,MGYG000000546_149:0:5980,d__Bacteria;p__Frimucutes;c__Clostridia;o__Lachnospirales;f__Lachnospiraceae;g__Roseburia;s__Roseburia sp003483745,p__Firmicutes,c__Clostridia,g__Roseburia,s__Roseburia sp003483745,TAL,"sqvA,sqvD,sqwH,yihR,sqwG"
16,MGYG000000574_62:3742:10936,d__Bacteria;p__Frimucutes;c__Clostridia;o__Lachnospirales;f__Lachnospiraceae;g__;s__,p__Firmicutes,c__Clostridia,g__,s__,EMP,"yihV,sqiA,sqvD"
17,MGYG000000674_190:0:4322,d__Bacteria;p__Frimucutes;c__Clostridia;o__UMGS1810;f__UMGS1810;g__;s__,p__Firmicutes,c__Clostridia,g__,s__,EMP,"yihV,sqiA,sqvD"
18,MGYG000000682_15:41549:49422,d__Bacteria;p__Bacteroidota;c__Bacteroidia;o__Bacteroidales;f__Bacteroidaceae;g__UBA4334;s__,p__Bacteroidota,c__Bacteroidia,g__UBA4334,s__,TK,"sqwG,sqvD,sqwI"
19,MGYG000000733_75:0:4285,d__Bacteria;p__Frimucutes;c__Clostridia_A;o__Christensenellales;f__Borkfalkiaceae;g__Borkfalkia;s__,p__Firmicutes,c__Clostridia_A,g__Borkfalkia,s__,EMP,"yihV,sqiA,sqvD"
20,MGYG000000794_19:0:8332,d__Bacteria;p__Frimucutes;c__Negativicutes;o__Selenomonadales;f__Selenomonadaceae;g__Megamonas;s__Megamonas sp900554895,p__Firmicutes,c__Negativicutes,g__Megamonas,s__Megamonas sp900554895,EMP,"sqiK,yihR,sqiA,sqvD"
21,MGYG000000852_20:41844:56458,d__Bacteria;p__Bacteroidota;c__Bacteroidia;o__Bacteroidales;f__Bacteroidaceae;g__Prevotella;s__Prevotella sp900545525,p__Bacteroidota,c__Bacteroidia,g__Prevotella,s__Prevotella sp900545525,TK,"sqwG,yihR,sqvD,sqwI"
22,MGYG000000854_5:53569:69768,d__Bacteria;p__Bacteroidota;c__Bacteroidia;o__Bacteroidales;f__Bacteroidaceae;g__Paraprevotella;s__Paraprevotella sp900548345,p__Bacteroidota,c__Bacteroidia,g__Paraprevotella,s__Paraprevotella sp900548345,TK,"sqwG,yihR,sqvD,sqwI"
23,MGYG000000890_12:11940:16718,d__Bacteria;p__Frimucutes;c__Clostridia;o__UMGS1810;f__UMGS1810;g__UMGS1810;s__UMGS1810 sp900555295,p__Firmicutes,c__Clostridia,g__UMGS1810,s__UMGS1810 sp900555295,TAL,"sqvA,sqvD"
24,MGYG000000900_46:9656:17439,d__Bacteria;p__Frimucutes;c__Clostridia;o__Oscillospirales;f__CAG-272;g__UMGS902;s__UMGS902 sp900546635,p__Firmicutes,c__Clostridia,g__UMGS902,s__UMGS902 sp900546635,EMP,"yihV,sqiA,sqvD"
25,MGYG000000923_1:94226:119320,d__Bacteria;p__Bacteroidota;c__Bacteroidia;o__Bacteroidales;f__Bacteroidaceae;g__Phocaeicola;s__Phocaeicola sp900552645,p__Bacteroidota,c__Bacteroidia,g__Phocaeicola,s__Phocaeicola sp900552645,TK,"sqvD,sqwI,sqwH,yihR,sqgA,sqwG"
26,MGYG000001015_26:4011:9553,d__Bacteria;p__Frimucutes;c__Clostridia;o__Oscillospirales;f__Ruminococcaceae;g__Gemmiger;s__Gemmiger sp900556255,p__Firmicutes,c__Clostridia,g__Gemmiger,s__Gemmiger sp900556255,TAL,"sqvA,sqvD"
27,MGYG000001149_8:18347:23273,d__Bacteria;p__Fusobacteriota;c__Fusobacteriia;o__Fusobacteriales;f__Fusobacteriaceae;g__Fusobacterium_B;s__Fusobacterium_B sp900554355,p__Fusobacteriota,c__Fusobacteriia,g__Fusobacterium_B,s__Fusobacterium_B sp900554355,TAL,"sqgA,sqvA,sqvD"
28,MGYG000001205_1:46710:53455,d__Bacteria;p__Frimucutes;c__Clostridia;o__Oscillospirales;f__Ruminococcaceae;g__Gemmiger;s__,p__Firmicutes,c__Clostridia,g__Gemmiger,s__,TKTAL,"sqvA,sqvD,sqwI,sqwH,sqwG"
29,MGYG000001220_62:2652:9385,d__Bacteria;p__Frimucutes;c__Clostridia;o__Monoglobales;f__Monoglobaceae;g__UMGS1820;s__UMGS1820 sp900555375,p__Firmicutes,c__Clostridia,g__UMGS1820,s__UMGS1820 sp900555375,EMP,"yihV,sqiA,sqvD"
30,MGYG000001251_69:892:7407,d__Bacteria;p__Frimucutes;c__Clostridia;o__Lachnospirales;f__Lachnospiraceae;g__Lachnoclostridium_A;s__Lachnoclostridium_A sp002160755,p__Firmicutes,c__Clostridia,g__Lachnoclostridium_A,s__Lachnoclostridium_A sp002160755,TAL,"sqvA,sqvD"
31,MGYG000001261_326:580:5401,d__Bacteria;p__Proteobacteria;c__Alphaproteobacteria;o__Caulobacterales;f__Caulobacteraceae;g__Caulobacter;s__Caulobacter sp903900155,p__Proteobacteria,c__Alphaproteobacteria,g__Caulobacter,s__Caulobacter sp903900155,TAL,"sedA,yihS,sqvA"
32,MGYG000001273_2:17879:23570,d__Bacteria;p__Actinobacteriota;c__Actinomycetia;o__Actinomycetales;f__Actinomycetaceae;g__Pauljensenia;s__Pauljensenia sp902373435,p__Actinobacteriota,c__Actinomycetia,g__Pauljensenia,s__Pauljensenia sp902373435,TAL,"yihS,sqvA"
33,MGYG000001393_52:38948:46383,d__Bacteria;p__Proteobacteria;c__Gammaproteobacteria;o__Enterobacterales;f__Enterobacteriaceae;g__Hafnia;s__Hafnia paralvei,p__Proteobacteria,c__Gammaproteobacteria,g__Hafnia,s__Hafnia paralvei,EMP,"yihV,sqvD,yihU,yihR,sqiA"
34,MGYG000001441_1:307450:313144,d__Bacteria;p__Actinobacteriota;c__Actinomycetia;o__Actinomycetales;f__Actinomycetaceae;g__Pauljensenia;s__Pauljensenia sp000411415,p__Actinobacteriota,c__Actinomycetia,g__Pauljensenia,s__Pauljensenia sp000411415,TAL,"yihS,sqvA"
35,MGYG000001496_2:467939:482798,d__Bacteria;p__Frimucutes;c__Clostridia;o__Lachnospirales;f__Lachnospiraceae;g__Extibacter;s__Extibacter sp001185345,p__Firmicutes,c__Clostridia,g__Extibacter,s__Extibacter sp001185345,EMP,"sedA,yihV,sqiA,sqvD"
36,MGYG000001499_5:237600:243543,d__Bacteria;p__Frimucutes;c__Clostridia;o__Lachnospirales;f__Lachnospiraceae;g__Muricomes;s__Muricomes contortus_B,p__Firmicutes,c__Clostridia,g__Muricomes,s__Muricomes contortus_B,EMP,"sedA,yihV,sqiA,sqvD"
37,MGYG000001508_5:593529:606312,d__Bacteria;p__Firmicutes;c__Bacilli;o__Bacillales_D;f__Halobacillaceae;g__Thalassobacillus;s__Thalassobacillus devorans,p__Firmicutes,c__Bacilli,g__Thalassobacillus,s__Thalassobacillus devorans,EMP,"sqvD,sqiK,slaB,yihU,sqgA,sqiA"
38,MGYG000001557_6:778436:786906,d__Bacteria;p__Bacteroidota;c__Bacteroidia;o__Bacteroidales;f__Bacteroidaceae;g__F0040;s__F0040 sp900095835,p__Bacteroidota,c__Bacteroidia,g__F0040,s__F0040 sp900095835,TK,"sqwG,yihS,sqwI"
39,MGYG000001571_19:55257:69352,d__Bacteria;p__Frimucutes;c__Clostridia;o__Lachnospirales;f__Lachnospiraceae;g__Lacrimispora;s__Lacrimispora sp000526575,p__Firmicutes,c__Clostridia,g__Lacrimispora,s__Lacrimispora sp000526575,EMP,"yihV,sqgA,yihS,sqwG,sqwF,sqiA"
40,MGYG000001597_67:7202:11313,d__Bacteria;p__Frimucutes;c__Clostridia;o__Oscillospirales;f__Ruminococcaceae;g__UBA866;s__UBA866 sp900543295,p__Firmicutes,c__Clostridia,g__UBA866,s__UBA866 sp900543295,TAL,"sqvA,sqvD"
41,MGYG000001599_3:110246:122598,d__Bacteria;p__Bacteroidota;c__Bacteroidia;o__Bacteroidales;f__Bacteroidaceae;g__Phocaeicola;s__Phocaeicola sp900544075,p__Bacteroidota,c__Bacteroidia,g__Phocaeicola,s__Phocaeicola sp900544075,TK,"sqwG,yihR,sqvD,sqwI"
42,MGYG000001659_63:6503:17762,d__Bacteria;p__Bacteroidota;c__Bacteroidia;o__Bacteroidales;f__Bacteroidaceae;g__Paraprevotella;s__Paraprevotella sp900760455,p__Bacteroidota,c__Bacteroidia,g__Paraprevotella,s__Paraprevotella sp900760455,TK,"sqwG,yihR,sqvD,sqwI"
43,MGYG000001766_42:653:8392,d__Bacteria;p__Frimucutes;c__Clostridia;o__Oscillospirales;f__Acutalibacteraceae;g__UMGS1976;s__UMGS1976 sp900556765,p__Firmicutes,c__Clostridia,g__UMGS1976,s__UMGS1976 sp900556765,EMP,"yihV,sqiA,sqvD"
44,MGYG000001781_4:52267:61590,d__Bacteria;p__Frimucutes;c__Clostridia;o__Oscillospirales;f__Acutalibacteraceae;g__Acutalibacter;s__Acutalibacter sp000432995,p__Firmicutes,c__Clostridia,g__Acutalibacter,s__Acutalibacter sp000432995,EMP,"yihV,sqvD,yihU,yihR,sqiA"
45,MGYG000001817_48:9214:15965,d__Bacteria;p__Frimucutes;c__Clostridia;o__Monoglobales;f__Monoglobaceae;g__UMGS1820;s__,p__Firmicutes,c__Clostridia,g__UMGS1820,s__,EMP,"yihV,sqiA,sqvD"
46,MGYG000001829_105:626:5022,d__Bacteria;p__Frimucutes;c__Clostridia;o__Oscillospirales;f__Acutalibacteraceae;g__;s__,p__Firmicutes,c__Clostridia,g__,s__,EMP,"yihV,sqiA,sqvD"
47,MGYG000001850_5:20716:32419,d__Bacteria;p__Frimucutes;c__Clostridia_A;o__Christensenellales;f__QALW01;g__UMGS1322;s__,p__Firmicutes,c__Clostridia_A,g__UMGS1322,s__,EMP,"yihV,yihR,sqiA,sqvD"
48,MGYG000001888_2:0:5253,d__Bacteria;p__Frimucutes;c__Clostridia_A;o__Christensenellales;f__Borkfalkiaceae;g__UMGS775;s__,p__Firmicutes,c__Clostridia_A,g__UMGS775,s__,EMP,"yihV,sqiA,yihQ,sqvD"
49,MGYG000001984_44:1018:8740,d__Bacteria;p__Frimucutes;c__Clostridia;o__Oscillospirales;f__Acutalibacteraceae;g__UBA737;s__UBA737 sp900754145,p__Firmicutes,c__Clostridia,g__UBA737,s__UBA737 sp900754145,EMP,"yihV,sqiA,sqvD"
50,MGYG000002089_196:0:3159,d__Bacteria;p__Frimucutes;c__Clostridia;o__Oscillospirales;f__Ruminococcaceae;g__UMGS1826;s__,p__Firmicutes,c__Clostridia,g__UMGS1826,s__,TAL,"sqvA,sqvD"
51,MGYG000002209_17:41194:64171,d__Bacteria;p__Bacteroidota;c__Bacteroidia;o__Bacteroidales;f__Bacteroidaceae;g__CAG-462;s__,p__Bacteroidota,c__Bacteroidia,g__CAG-462,s__,TK,"sqvD,sqwI,sqwH,yihR,sqwG"
52,MGYG000002314_78:2717:11305,d__Bacteria;p__Firmicutes;c__Bacilli;o__Brevibacillales;f__Brevibacillaceae;g__Brevibacillus_C;s__Brevibacillus_C massiliensis,p__Firmicutes,c__Bacilli,g__Brevibacillus_C,s__Brevibacillus_C massiliensis,EMP,"yihV,sqiA,sqvD"
53,MGYG000002328_163:16085:26946,d__Bacteria;p__Frimucutes;c__Clostridia;o__Lachnospirales;f__Lachnospiraceae;g__Enterocloster;s__Enterocloster asparagiformis,p__Firmicutes,c__Clostridia,g__Enterocloster,s__Enterocloster asparagiformis,EMP,"yihV,sqvD,yihR,squF,sqiA"
54,MGYG000002437_4:307925:315018,d__Bacteria;p__Frimucutes;c__Clostridia;o__Lachnospirales;f__Lachnospiraceae;g__Blautia;s__Blautia hominis,p__Firmicutes,c__Clostridia,g__Blautia,s__Blautia hominis,EMP,"yihV,sqiA,sqvD"
55,MGYG000002466_1:543880:551274,d__Bacteria;p__Proteobacteria;c__Gammaproteobacteria;o__Enterobacterales;f__Enterobacteriaceae;g__Yersinia;s__Yersinia frederiksenii,p__Proteobacteria,c__Gammaproteobacteria,g__Yersinia,s__Yersinia frederiksenii,EMP,"yihV,sqvD,yihU,yihR,sqiA"
56,MGYG000002474_3:117195:123318,d__Bacteria;p__Proteobacteria;c__Gammaproteobacteria;o__Enterobacterales;f__Enterobacteriaceae;g__Rahnella;s__Rahnella variigena,p__Proteobacteria,c__Gammaproteobacteria,g__Rahnella,s__Rahnella variigena,EMP,"yihV,yihS,yihT,yihU"
57,MGYG000002496_18:96469:105527,d__Bacteria;p__Proteobacteria;c__Gammaproteobacteria;o__Enterobacterales;f__Enterobacteriaceae;g__Salmonella;s__Salmonella bongori,p__Proteobacteria,c__Gammaproteobacteria,g__Salmonella,s__Salmonella bongori,EMP,"yihV,yihQ,yihU,yihR,yihS,yihT"
58,MGYG000002531_1:762369:766657,d__Bacteria;p__Frimucutes;c__Clostridia;o__Lachnospirales;f__Lachnospiraceae;g__Pseudobutyrivibrio;s__Pseudobutyrivibrio fibrisolvens_A,p__Firmicutes,c__Clostridia,g__Pseudobutyrivibrio,s__Pseudobutyrivibrio fibrisolvens_A,TAL,"sqvA,sqvD"
59,MGYG000002699_22:28599:37672,d__Bacteria;p__Frimucutes;c__Clostridia_A;o__Christensenellales;f__CAG-74;g__HGM11588;s__,p__Firmicutes,c__Clostridia_A,g__HGM11588,s__,EMP,"yihV,sqvD,sedA,sqgA,sqiA"
60,MGYG000002713_62:0:10002,d__Bacteria;p__Frimucutes;c__Clostridia;o__Monoglobales_A;f__UBA1381;g__UBA4716;s__,p__Firmicutes,c__Clostridia,g__UBA4716,s__,EMP,"yihV,yihR,sqiA,sqvD"
61,MGYG000002771_6:7545:15147,d__Bacteria;p__Frimucutes;c__Clostridia;o__Oscillospirales;f__Acutalibacteraceae;g__Eubacterium_R;s__Eubacterium_R sp900764665,p__Firmicutes,c__Clostridia,g__Eubacterium_R,s__Eubacterium_R sp900764665,TAL,"yihQ,sqvA,sqvD,yihU"
62,MGYG000002889_17:43394:51650,d__Bacteria;p__Proteobacteria;c__Gammaproteobacteria;o__Enterobacterales;f__Enterobacteriaceae;g__Pantoea;s__Pantoea sp002920175,p__Proteobacteria,c__Gammaproteobacteria,g__Pantoea,s__Pantoea sp002920175,EMP,"yihV,yihQ,yihU,yihS,yihT"
63,MGYG000002949_1:159762:174140,d__Bacteria;p__Frimucutes;c__Clostridia;o__Lachnospirales;f__Lachnospiraceae;g__UMGS1251;s__UMGS1251 sp900549995,p__Firmicutes,c__Clostridia,g__UMGS1251,s__UMGS1251 sp900549995,EMP,"yihV,sqvD,slaB,sedD,yihR,sqgA,sqiA"
64,MGYG000002962_60:8586:16581,d__Bacteria;p__Frimucutes;c__Clostridia;o__Clostridiales;f__Clostridiaceae;g__Clostridium;s__Clostridium sp900543325,p__Firmicutes,c__Clostridia,g__Clostridium,s__Clostridium sp900543325,TAL,"sqwG,sqvA,sqvD"
65,MGYG000002966_6:105181:118560,d__Bacteria;p__Frimucutes;c__Clostridia;o__Lachnospirales;f__Lachnospiraceae;g__Blautia_A;s__Blautia_A sp900551075,p__Firmicutes,c__Clostridia,g__Blautia_A,s__Blautia_A sp900551075,TAL,"sqwF,yihQ,sqvA,sqvD"
66,MGYG000003088_26:9196:13747,d__Bacteria;p__Frimucutes;c__Clostridia;o__Oscillospirales;f__Ruminococcaceae;g__Ruthenibacterium;s__,p__Firmicutes,c__Clostridia,g__Ruthenibacterium,s__,EMP,"yihV,sqiA,sqvD"
67,MGYG000003113_7:16838:22531,d__Bacteria;p__Actinobacteriota;c__Actinomycetia;o__Actinomycetales;f__Actinomycetaceae;g__Pauljensenia;s__Pauljensenia sp001838165,p__Actinobacteriota,c__Actinomycetia,g__Pauljensenia,s__Pauljensenia sp001838165,TAL,"yihS,sqvA"
68,MGYG000003115_32:5645:12305,d__Bacteria;p__Proteobacteria;c__Gammaproteobacteria;o__Enterobacterales;f__Enterobacteriaceae;g__Franconibacter;s__Franconibacter helveticus,p__Proteobacteria,c__Gammaproteobacteria,g__Franconibacter,s__Franconibacter helveticus,EMP,"yihV,yihU,yihR,yihS,yihT"
69,MGYG000003123_50:2141:11481,d__Bacteria;p__Proteobacteria;c__Gammaproteobacteria;o__Enterobacterales;f__Enterobacteriaceae;g__Chimaeribacter;s__Chimaeribacter coloradensis,p__Proteobacteria,c__Gammaproteobacteria,g__Chimaeribacter,s__Chimaeribacter coloradensis,EMP,"yihV,sqvD,yihQ,yihU,yihR,sqiA"
70,MGYG000003236_98:10776:22133,d__Bacteria;p__Frimucutes;c__Clostridia;o__Oscillospirales;f__Acutalibacteraceae;g__UMGS1397;s__UMGS1397 sp900761355,p__Firmicutes,c__Clostridia,g__UMGS1397,s__UMGS1397 sp900761355,TK,"sqvD,sqwI,sqwH,sqgA,sqwG,sqwF"
71,MGYG000003252_549:0:11678,d__Bacteria;p__Bacteroidota;c__Bacteroidia;o__Bacteroidales;f__Bacteroidaceae;g__Bacteroides;s__Bacteroides sp900761785,p__Bacteroidota,c__Bacteroidia,g__Bacteroides,s__Bacteroides sp900761785,TK,"sqwG,yihS,sqvD,sqwI"
72,MGYG000003360_33:18554:35829,d__Bacteria;p__Proteobacteria;c__Gammaproteobacteria;o__Enterobacterales;f__Enterobacteriaceae;g__Enterobacter_D;s__Enterobacter_D kobei_A,p__Proteobacteria,c__Gammaproteobacteria,g__Enterobacter_D,s__Enterobacter_D kobei_A,EDEMP,"yihV,sedA,yihQ,sedC,sedD,yihU,yihR,yihS,yihT"
73,MGYG000003372_52:96944:103906,d__Bacteria;p__Proteobacteria;c__Gammaproteobacteria;o__Enterobacterales;f__Enterobacteriaceae;g__Citrobacter;s__Citrobacter werkmanii,p__Proteobacteria,c__Gammaproteobacteria,g__Citrobacter,s__Citrobacter werkmanii,EMP,"yihV,yihU,yihR,yihS,yihT"
74,MGYG000003378_101:3740:13114,d__Bacteria;p__Proteobacteria;c__Gammaproteobacteria;o__Enterobacterales;f__Enterobacteriaceae;g__Chimaeribacter;s__Chimaeribacter arupi,p__Proteobacteria,c__Gammaproteobacteria,g__Chimaeribacter,s__Chimaeribacter arupi,EMP,"yihV,sqvD,yihQ,yihU,yihR,sqiA"
75,MGYG000003393_10:47779:54773,d__Bacteria;p__Proteobacteria;c__Gammaproteobacteria;o__Enterobacterales;f__Enterobacteriaceae;g__Pantoea;s__Pantoea ananatis,p__Proteobacteria,c__Gammaproteobacteria,g__Pantoea,s__Pantoea ananatis,EMP,"yihV,yihU,yihR,yihS,yihT"
76,MGYG000003396_112:6563:10778,d__Bacteria;p__Frimucutes;c__Clostridia;o__Clostridiales;f__Clostridiaceae;g__Clostridium;s__Clostridium sp900766315,p__Firmicutes,c__Clostridia,g__Clostridium,s__Clostridium sp900766315,TAL,"sqvA,sqvD"
77,MGYG000003432_102:1054:8625,d__Bacteria;p__Frimucutes;c__Clostridia;o__Oscillospirales;f__Acutalibacteraceae;g__UBA6857;s__UBA6857 sp900767015,p__Firmicutes,c__Clostridia,g__UBA6857,s__UBA6857 sp900767015,TAL,"yihQ,sqgA,sqvA,sqvD"
78,MGYG000003535_52:48868:56315,d__Bacteria;p__Bacteroidota;c__Bacteroidia;o__Bacteroidales;f__Bacteroidaceae;g__Prevotella;s__Prevotella sp004556065,p__Bacteroidota,c__Bacteroidia,g__Prevotella,s__Prevotella sp004556065,TK,"sqwG,sqvD,sqwI"
79,MGYG000003547_45:4673:12408,d__Bacteria;p__Frimucutes;c__Clostridia;o__Oscillospirales;f__Acutalibacteraceae;g__UMGS1976;s__UMGS1976 sp900769535,p__Firmicutes,c__Clostridia,g__UMGS1976,s__UMGS1976 sp900769535,EMP,"yihV,sqiA,sqvD"
80,MGYG000003560_6:17192:24884,d__Bacteria;p__Frimucutes;c__Clostridia;o__Monoglobales;f__Monoglobaceae;g__UMGS1820;s__UMGS1820 sp900769795,p__Firmicutes,c__Clostridia,g__UMGS1820,s__UMGS1820 sp900769795,EMP,"yihV,sqiA,sqvD"
81,MGYG000003594_56:4199:12886,d__Bacteria;p__Frimucutes;c__Clostridia;o__Lachnospirales;f__Lachnospiraceae;g__RUG12045;s__RUG12045 sp900770325,p__Firmicutes,c__Clostridia,g__RUG12045,s__RUG12045 sp900770325,EMP,"yihV,yihR,sqiA,sqvD"
82,MGYG000003664_359:623:12009,d__Bacteria;p__Frimucutes;c__Clostridia;o__Oscillospirales;f__Oscillospiraceae;g__CAG-170;s__CAG-170 sp900751035,p__Firmicutes,c__Clostridia,g__CAG-170,s__CAG-170 sp900751035,EMP,"yihV,sqvD,sqgA,squF,sqiA"
83,MGYG000003808_91:1355:7163,d__Bacteria;p__Actinobacteriota;c__Actinomycetia;o__Actinomycetales;f__Actinomycetaceae;g__Pauljensenia;s__Pauljensenia culturomici,p__Actinobacteriota,c__Actinomycetia,g__Pauljensenia,s__Pauljensenia culturomici,TAL,"yihS,sqvA"
84,MGYG000003833_3:14657:21969,d__Bacteria;p__Frimucutes;c__Clostridia_A;o__Christensenellales;f__CAG-74;g__WRGP01;s__,p__Firmicutes,c__Clostridia_A,g__WRGP01,s__,EMP,"yihV,sqvD,sedD,sqwF,sqiA"
85,MGYG000003872_9:19981:35676,d__Bacteria;p__Frimucutes;c__Clostridia;o__Oscillospirales;f__Acutalibacteraceae;g__Clostridium_A;s__,p__Firmicutes,c__Clostridia,g__Clostridium_A,s__,EMP,"yihV,sqvD,sqgA,squF,sqwF,sqiA"
86,MGYG000004094_3:106667:126919,d__Bacteria;p__Bacteroidota;c__Bacteroidia;o__Bacteroidales;f__Bacteroidaceae;g__;s__,p__Bacteroidota,c__Bacteroidia,g__,s__,TK,"sqvD,sqwI,sqwH,yihR,sqwG"
87,MGYG000004136_14:8830:15794,d__Bacteria;p__Frimucutes;c__Clostridia;o__Lachnospirales;f__Lachnospiraceae;g__Eisenbergiella;s__Eisenbergiella sp900555195,p__Firmicutes,c__Clostridia,g__Eisenbergiella,s__Eisenbergiella sp900555195,EMP,"yihV,sqvD,sqwI,yihU,sqiA"
88,MGYG000004174_24:18089:29880,d__Bacteria;p__Frimucutes;c__Clostridia_A;o__Christensenellales;f__CAG-74;g__Firm-11;s__,p__Firmicutes,c__Clostridia_A,g__Firm-11,s__,EMP,"yihV,sqvD,sedD,sqgA,sqiA"
89,MGYG000004180_7:50451:58266,d__Bacteria;p__Bacteroidota;c__Bacteroidia;o__Bacteroidales;f__Tannerellaceae;g__Parabacteroides;s__,p__Bacteroidota,c__Bacteroidia,g__Parabacteroides,s__,TK,"sqwG,sqvD,sqwI"
90,MGYG000004182_82:1196:11617,d__Bacteria;p__Bacteroidota;c__Bacteroidia;o__Bacteroidales;f__Bacteroidaceae;g__Phocaeicola;s__Phocaeicola sp900551445,p__Bacteroidota,c__Bacteroidia,g__Phocaeicola,s__Phocaeicola sp900551445,TK,"sqwG,yihR,sqvD,sqwI"
91,MGYG000004256_9:54076:63086,d__Bacteria;p__Frimucutes;c__Clostridia;o__Oscillospirales;f__Acutalibacteraceae;g__CAG-177;s__CAG-177 sp003538135,p__Firmicutes,c__Clostridia,g__CAG-177,s__CAG-177 sp003538135,TAL,"yihQ,sqvA,sqvD,yihU"
92,MGYG000004381_1:257752:268225,d__Bacteria;p__Frimucutes;c__Clostridia;o__Lachnospirales;f__Lachnospiraceae;g__Lachnospira;s__Lachnospira sp900772425,p__Firmicutes,c__Clostridia,g__Lachnospira,s__Lachnospira sp900772425,TAL,"sqgA,sqvA,sqvD"
93,MGYG000004588_24:23238:39512,d__Bacteria;p__Bacteroidota;c__Bacteroidia;o__Bacteroidales;f__Bacteroidaceae;g__Prevotella;s__Prevotella sp900317685,p__Bacteroidota,c__Bacteroidia,g__Prevotella,s__Prevotella sp900317685,TK,"sqwG,yihR,sqvD,sqwI"
94,MGYG000004599_28:23238:34886,d__Bacteria;p__Bacteroidota;c__Bacteroidia;o__Bacteroidales;f__Bacteroidaceae;g__Phocaeicola;s__,p__Bacteroidota,c__Bacteroidia,g__Phocaeicola,s__,TK,"sqwG,yihR,sqvD,sqwI"
95,MGYG000004638_37:4166:12649,d__Bacteria;p__Bacteroidota;c__Bacteroidia;o__Bacteroidales;f__Bacteroidaceae;g__F0040;s__F0040 sp000318095,p__Bacteroidota,c__Bacteroidia,g__F0040,s__F0040 sp000318095,TK,"sqwG,yihS,sqwI"
96,MGYG000004680_21:36353:42073,d__Bacteria;p__Frimucutes;c__Clostridia;o__Lachnospirales;f__Lachnospiraceae;g__Lacrimispora;s__,p__Firmicutes,c__Clostridia,g__Lacrimispora,s__,TAL,"sqvA,sqvD"
97,MGYG000004698_88:2111:14338,d__Bacteria;p__Bacteroidota;c__Bacteroidia;o__Bacteroidales;f__Bacteroidaceae;g__Prevotella;s__Prevotella sp000436695,p__Bacteroidota,c__Bacteroidia,g__Prevotella,s__Prevotella sp000436695,TK,"sqwG,yihR,sqvD,sqwI"
98,MGYG000004762_27:24384:34490,d__Bacteria;p__Frimucutes;c__Clostridia;o__Lachnospirales;f__Lachnospiraceae;g__Catenibacillus;s__Catenibacillus sp900553975,p__Firmicutes,c__Clostridia,g__Catenibacillus,s__Catenibacillus sp900553975,EMP,"yihV,sqvD,yihQ,yihR,squF,sqiA"
99,MGYG000004781_24:28212:40553,d__Bacteria;p__Frimucutes;c__Clostridia;o__Lachnospirales;f__Lachnospiraceae;g__UMGS680;s__,p__Firmicutes,c__Clostridia,g__UMGS680,s__,TAL,"yihV,sqvA,sqvD"
100,MGYG000004797_11:47027:71856,d__Bacteria;p__Bacteroidota;c__Bacteroidia;o__Bacteroidales;f__Bacteroidaceae;g__Phocaeicola;s__Phocaeicola sartorii,p__Bacteroidota,c__Bacteroidia,g__Phocaeicola,s__Phocaeicola sartorii,TK,"sqvD,sqwI,sqwH,yihR,sqgA,sqwG"
101,MGYG000004807_34:21501:30283,d__Bacteria;p__Frimucutes;c__Clostridia;o__Oscillospirales;f__Acutalibacteraceae;g__Acutalibacter;s__,p__Firmicutes,c__Clostridia,g__Acutalibacter,s__,EMP,"yihV,sqvD,yihQ,sqgA,squF,sqiA"
102,MGYG000004824_2:64434:78890,d__Bacteria;p__Bacteroidota;c__Bacteroidia;o__Bacteroidales;f__Bacteroidaceae;g__Paraprevotella;s__,p__Bacteroidota,c__Bacteroidia,g__Paraprevotella,s__,TK,"sqwG,yihR,sqvD,sqwI"
103,MGYG000004848_14:4376:12488,d__Bacteria;p__Bacteroidota;c__Bacteroidia;o__Bacteroidales;f__Bacteroidaceae;g__Prevotella;s__,p__Bacteroidota,c__Bacteroidia,g__Prevotella,s__,TK,"sqwG,sqvD,sqwI"
104,MGYG000004876_19:61419:77687,d__Bacteria;p__Bacteroidota;c__Bacteroidia;o__Bacteroidales;f__Bacteroidaceae;g__Bacteroides;s__,p__Bacteroidota,c__Bacteroidia,g__Bacteroides,s__,TK,"sqvD,sqwI,yihR,yihS,sqwG"
105,MGYG000004879_61:7879:17085,d__Bacteria;p__Frimucutes;c__Clostridia;o__Lachnospirales;f__Lachnospiraceae;g__Clostridium_N;s__,p__Firmicutes,c__Clostridia,g__Clostridium_N,s__,TAL,"sqwG,sqvA,sqvD"
106,MGYG000004884_55:5420:9583,d__Bacteria;p__Frimucutes;c__Clostridia;o__Lachnospirales;f__Lachnospiraceae;g__KLE1615;s__,p__Firmicutes,c__Clostridia,g__KLE1615,s__,TAL,"sqvA,sqvD"
107,MGYG000004891_27:49644:59585,d__Bacteria;p__Frimucutes;c__Clostridia;o__Lachnospirales;f__Lachnospiraceae;g__KM106-2;s__,p__Firmicutes,c__Clostridia,g__KM106-2,s__,EMP,"squF,yihV,sqiA,sqvD"
108,MGYG000004932.fa_1:0:6469,d__Bacteria;p__Frimucutes;c__Clostridia;o__Lachnospirales;f__Lachnospiraceae;g__Roseburia;s__Roseburia sp900550935,p__Firmicutes,c__Clostridia,g__Roseburia,s__Roseburia sp900550935,TAL,"sqvA,sqvD,sqwH,yihR,sqwG"
109,MGYG000005097.fa_3:7477:13508,d__Bacteria;p__Frimucutes;c__Clostridia;o__Oscillospirales;f__CAG-272;g__CAG-390;s__CAG-390 sp900753295,p__Firmicutes,c__Clostridia,g__CAG-390,s__CAG-390 sp900753295,TAL,"sqvA,sqvD"
110,MGYG000005128.fa_21:9910:16644,d__Bacteria;p__Frimucutes;c__Clostridia;o__Oscillospirales;f__Oscillospiraceae;g__CAG-110;s__CAG-110 sp900553805,p__Firmicutes,c__Clostridia,g__CAG-110,s__CAG-110 sp900553805,EMP,"yihV,sqiA,yihQ,sqvD"
111,MGYG000005311.fa_1:110898:136235,d__Bacteria;p__Bacteroidota;c__Bacteroidia;o__Bacteroidales;f__Bacteroidaceae;g__Bacteroides;s__Bacteroides sp900765785,p__Bacteroidota,c__Bacteroidia,g__Bacteroides,s__Bacteroides sp900765785,TK,"sqvD,sqwI,sqwH,yihR,sqgA,yihS,sqwG"
112,MGYG000005342.fa_9:149363:156397,d__Bacteria;p__Frimucutes;c__Clostridia;o__Lachnospirales;f__Lachnospiraceae;g__Blautia;s__Blautia coccoides,p__Firmicutes,c__Clostridia,g__Blautia,s__Blautia coccoides,EMP,"yihV,sqiA,sqvD"
113,MGYG000005419.fa_105:8389:15741,d__Bacteria;p__Bacteroidota;c__Bacteroidia;o__Bacteroidales;f__Bacteroidaceae;g__OM05-12;s__OM05-12 sp003438995,p__Bacteroidota,c__Bacteroidia,g__OM05-12,s__OM05-12 sp003438995,TK,"sqwG,sqvD,sqwI"
114,MGYG000005601.fa_23:13138:20954,d__Bacteria;p__Bacteroidota;c__Bacteroidia;o__Bacteroidales;f__Bacteroidaceae;g__Prevotella;s__Prevotella sp900546345,p__Bacteroidota,c__Bacteroidia,g__Prevotella,s__Prevotella sp900546345,TK,"sqwG,sqvD,sqwI"
115,MGYG000005769.fa_13:5063:8857,d__Bacteria;p__Frimucutes;c__Clostridia;o__Monoglobales;f__Firm-18;g__;s__,p__Firmicutes,c__Clostridia,g__,s__,TAL,"sqvA,sqvD"
116,MGYG000006129.fa_24:5336:11866,d__Bacteria;p__Frimucutes;c__Clostridia;o__Lachnospirales;f__Lachnospiraceae;g__AM51-8;s__AM51-8 sp900546435,p__Firmicutes,c__Clostridia,g__AM51-8,s__AM51-8 sp900546435,TAL,"sqvA,sqvD"
117,MGYG000006231.fa_1:41961:52166,d__Bacteria;p__Firmicutes;c__Bacilli;o__Lactobacillales;f__Lactobacillaceae;g__Pediococcus;s__Pediococcus acidilactici,p__Firmicutes,c__Bacilli,g__Pediococcus,s__Pediococcus acidilactici,TAL,"sqwG,yihR,sqvA,sqvD"
118,MGYG000006232.fa_38:0:17395,d__Bacteria;p__Bacteroidota;c__Bacteroidia;o__Bacteroidales;f__Bacteroidaceae;g__Prevotella;s__Prevotella sp900551055,p__Bacteroidota,c__Bacteroidia,g__Prevotella,s__Prevotella sp900551055,TK,"sqvD,sqwI,sedD,yihR,sqwG"
119,MGYG000006541.fa_54:328:8256,d__Bacteria;p__Frimucutes;c__Clostridia;o__Oscillospirales;f__CAG-272;g__UMGS874;s__UMGS874 sp900546315,p__Firmicutes,c__Clostridia,g__UMGS874,s__UMGS874 sp900546315,EMP,"yihV,sqiA,sqvD"
120,MGYG000006729.fa_65:0:13353,d__Bacteria;p__Bacteroidota;c__Bacteroidia;o__Bacteroidales;f__Bacteroidaceae;g__Paraprevotella;s__Paraprevotella sp900546665,p__Bacteroidota,c__Bacteroidia,g__Paraprevotella,s__Paraprevotella sp900546665,TK,"sqwG,yihR,sqvD,sqwI"
121,MGYG000009075_3:10491:17413,d__Bacteria;p__Frimucutes;c__Clostridia_A;o__Christensenellales;f__Borkfalkiaceae;g__UBA7597;s__UBA7597 sp900542935,p__Firmicutes,c__Clostridia_A,g__UBA7597,s__UBA7597 sp900542935,EMP,"yihV,sqiA,sqvD"
122,MGYG000009534_28:0:6226,d__Bacteria;p__Frimucutes;c__Clostridia;o__Oscillospirales;f__Ruminococcaceae;g__Anaerotruncus;s__Anaerotruncus massiliensis,p__Firmicutes,c__Clostridia,g__Anaerotruncus,s__Anaerotruncus massiliensis,TK,"sqvD,sqwH,sqwI"
123,MGYG000010856_38:0:4730,d__Bacteria;p__Frimucutes;c__Clostridia;o__Oscillospirales;f__CAG-272;g__UMGS911;s__UMGS911 sp900545935,p__Firmicutes,c__Clostridia,g__UMGS911,s__UMGS911 sp900545935,TAL,"sqvA,sqvD"
124,MGYG000011278_70:0:11255,d__Bacteria;p__Bacteroidota;c__Bacteroidia;o__Bacteroidales;f__Bacteroidaceae;g__Prevotella;s__Prevotella rara,p__Bacteroidota,c__Bacteroidia,g__Prevotella,s__Prevotella rara,TK,"sqwG,yihR,sqvD,sqwI"
125,MGYG000012386_199:0:3202,d__Bacteria;p__Frimucutes;c__Clostridia;o__Lachnospirales;f__Lachnospiraceae;g__Anaerostipes;s__Anaerostipes hadrus,p__Firmicutes,c__Clostridia,g__Anaerostipes,s__Anaerostipes hadrus,TAL,"sqvA,sqvD"
126,MGYG000013359_17:24339:31003,d__Bacteria;p__Frimucutes;c__Clostridia;o__Lachnospirales;f__Lachnospiraceae;g__Blautia;s__Blautia sp000432195,p__Firmicutes,c__Clostridia,g__Blautia,s__Blautia sp000432195,EMP,"squF,yihV,sqiA,sqvD"
127,MGYG000014051_53:1934:8463,d__Bacteria;p__Frimucutes;c__Clostridia_A;o__Christensenellales;f__CAG-74;g__Firm-11;s__Firm-11 sp900540045,p__Firmicutes,c__Clostridia_A,g__Firm-11,s__Firm-11 sp900540045,EMP,"yihV,sqgA,sqiA,sqvD"
128,MGYG000016896_63:42581:55117,d__Bacteria;p__Frimucutes;c__Clostridia;o__Oscillospirales;f__Ruminococcaceae;g__Fournierella;s__Fournierella sp900543285,p__Firmicutes,c__Clostridia,g__Fournierella,s__Fournierella sp900543285,EMP,"yihV,sqvD,sedD,yihU,sqgA,sqiA"
129,MGYG000017047_95:0:11891,d__Bacteria;p__Bacteroidota;c__Bacteroidia;o__Bacteroidales;f__Bacteroidaceae;g__Prevotella;s__Prevotella sp900554545,p__Bacteroidota,c__Bacteroidia,g__Prevotella,s__Prevotella sp900554545,TK,"sqwG,yihR,sqvD,sqwI"
130,MGYG000017390_413:0:2206,d__Bacteria;p__Frimucutes;c__Clostridia;o__Oscillospirales;f__Oscillospiraceae;g__CAG-110;s__CAG-110 sp900546915,p__Firmicutes,c__Clostridia,g__CAG-110,s__CAG-110 sp900546915,EMP,"yihV,sqiA,sqvD"
131,MGYG000017895_3:119507:126919,d__Bacteria;p__Proteobacteria;c__Gammaproteobacteria;o__Enterobacterales;f__Enterobacteriaceae;g__Yersinia;s__Yersinia frederiksenii_C,p__Proteobacteria,c__Gammaproteobacteria,g__Yersinia,s__Yersinia frederiksenii_C,EMP,"yihV,sqvD,yihU,yihR,sqiA"
132,MGYG000021033_18:4589:8914,d__Bacteria;p__Frimucutes;c__Clostridia;o__Oscillospirales;f__Ruminococcaceae;g__Gemmiger;s__Gemmiger qucibialis,p__Firmicutes,c__Clostridia,g__Gemmiger,s__Gemmiger qucibialis,TKTAL,"sqvA,sqvD,sqwI,sqwH,sqwG"
133,MGYG000021311_13:84056:94784,d__Bacteria;p__Frimucutes;c__Clostridia;o__Lachnospirales;f__Lachnospiraceae;g__Enterocloster;s__Enterocloster aldenensis,p__Firmicutes,c__Clostridia,g__Enterocloster,s__Enterocloster aldenensis,TAL,"yihQ,sqvA,sqvD"
134,MGYG000021969_128:9470:12813,d__Bacteria;p__Frimucutes;c__Clostridia;o__Lachnospirales;f__Lachnospiraceae;g__Coprococcus;s__Coprococcus sp900066115,p__Firmicutes,c__Clostridia,g__Coprococcus,s__Coprococcus sp900066115,TAL,"yihV,sqvA,sqvD"
135,MGYG000023357_6:82323:97686,d__Bacteria;p__Bacteroidota;c__Bacteroidia;o__Bacteroidales;f__Bacteroidaceae;g__Phocaeicola;s__Phocaeicola sp900540105,p__Bacteroidota,c__Bacteroidia,g__Phocaeicola,s__Phocaeicola sp900540105,TK,"sqwG,yihR,sqvD,sqwI"
136,MGYG000024602_47:0:7890,d__Bacteria;p__Frimucutes;c__Clostridia;o__Oscillospirales;f__Oscillospiraceae;g__UBA1777;s__UBA1777 sp900547315,p__Firmicutes,c__Clostridia,g__UBA1777,s__UBA1777 sp900547315,TK,"sqvD,sqwI,yihQ,sqwH,sqwG,sqwF"
137,MGYG000024717_17:6605:14323,d__Bacteria;p__Frimucutes;c__Clostridia;o__Oscillospirales;f__Acutalibacteraceae;g__UBA737;s__UBA737 sp900547445,p__Firmicutes,c__Clostridia,g__UBA737,s__UBA737 sp900547445,EMP,"yihV,sqiA,sqvD"
138,MGYG000025431_233:1673:13108,d__Bacteria;p__Frimucutes;c__Clostridia;o__Oscillospirales;f__CAG-272;g__UMGS1865;s__UMGS1865 sp900547725,p__Firmicutes,c__Clostridia,g__UMGS1865,s__UMGS1865 sp900547725,EMP,"yihV,sqvD,slaB,yihQ,squF,sqiA"
139,MGYG000026193_30:0:7413,d__Bacteria;p__Bacteroidota;c__Bacteroidia;o__Bacteroidales;f__Bacteroidaceae;g__CAG-462;s__CAG-462 sp900291465,p__Bacteroidota,c__Bacteroidia,g__CAG-462,s__CAG-462 sp900291465,TK,"sqwG,sqvD,sqwI"
140,MGYG000026495_1:4543413:4553586,d__Bacteria;p__Proteobacteria;c__Gammaproteobacteria;o__Enterobacterales;f__Enterobacteriaceae;g__Salmonella;s__Salmonella enterica,p__Proteobacteria,c__Gammaproteobacteria,g__Salmonella,s__Salmonella enterica,EMP,"yihV,yihQ,yihU,yihR,yihS,yihT"
141,MGYG000027466_1:1634653:1641622,d__Bacteria;p__Proteobacteria;c__Gammaproteobacteria;o__Enterobacterales;f__Enterobacteriaceae;g__Citrobacter_A;s__Citrobacter_A amalonaticus,p__Proteobacteria,c__Gammaproteobacteria,g__Citrobacter_A,s__Citrobacter_A amalonaticus,EMP,"yihV,yihU,yihR,yihS,yihT"
142,MGYG000028548_23:7838:16986,d__Bacteria;p__Frimucutes;c__Clostridia;o__Clostridiales;f__Clostridiaceae;g__Clostridium;s__Clostridium neonatale,p__Firmicutes,c__Clostridia,g__Clostridium,s__Clostridium neonatale,TAL,"sqvD,sqvA,sqwH"
143,MGYG000028925_419:0:4134,d__Bacteria;p__Frimucutes;c__Clostridia;o__Oscillospirales;f__Oscillospiraceae;g__CAG-110;s__CAG-110 sp000434635,p__Firmicutes,c__Clostridia,g__CAG-110,s__CAG-110 sp000434635,EMP,"yihV,yihR,sqiA,sqvD"
144,MGYG000032765_20:29584:36674,d__Bacteria;p__Proteobacteria;c__Gammaproteobacteria;o__Enterobacterales;f__Enterobacteriaceae;g__Citrobacter_A;s__Citrobacter_A farmeri,p__Proteobacteria,c__Gammaproteobacteria,g__Citrobacter_A,s__Citrobacter_A farmeri,EMP,"yihV,yihU,yihR,yihS,yihT"
145,MGYG000034541_7:8036:16116,d__Bacteria;p__Bacteroidota;c__Bacteroidia;o__Bacteroidales;f__Bacteroidaceae;g__Prevotella;s__Prevotella sp000431975,p__Bacteroidota,c__Bacteroidia,g__Prevotella,s__Prevotella sp000431975,TK,"sqwG,sqvD,sqwI"
146,MGYG000036028_14:67621:80136,d__Bacteria;p__Frimucutes;c__Clostridia;o__Lachnospirales;f__Lachnospiraceae;g__Blautia_A;s__Blautia_A obeum,p__Firmicutes,c__Clostridia,g__Blautia_A,s__Blautia_A obeum,EMP,"yihV,sqvD,sqwI,yihT,sqiA"
147,MGYG000038063_11:90506:100660,d__Bacteria;p__Proteobacteria;c__Gammaproteobacteria;o__Enterobacterales;f__Enterobacteriaceae;g__Escherichia;s__Escherichia albertii,p__Proteobacteria,c__Gammaproteobacteria,g__Escherichia,s__Escherichia albertii,EMP,"yihV,yihQ,yihU,yihR,yihS,yihT"
148,MGYG000039909_520:0:2205,d__Bacteria;p__Frimucutes;c__Clostridia;o__Oscillospirales;f__Acutalibacteraceae;g__UBA737;s__UBA737 sp900549055,p__Firmicutes,c__Clostridia,g__UBA737,s__UBA737 sp900549055,TAL,"sqvA,sqvD"
149,MGYG000040775_14:22314:28405,d__Bacteria;p__Proteobacteria;c__Gammaproteobacteria;o__Enterobacterales;f__Enterobacteriaceae;g__Enterobacter;s__Enterobacter cloacae,p__Proteobacteria,c__Gammaproteobacteria,g__Enterobacter,s__Enterobacter cloacae,EMP,"yihV,yihS,yihT,yihU"
150,MGYG000041053_23:9272:16876,d__Bacteria;p__Frimucutes;c__Clostridia;o__Oscillospirales;f__Acutalibacteraceae;g__CAG-217;s__CAG-217 sp000436335,p__Firmicutes,c__Clostridia,g__CAG-217,s__CAG-217 sp000436335,TAL,"yihQ,sqvA,sqvD,yihU"
151,MGYG000041568_7:38083:52571,d__Bacteria;p__Frimucutes;c__Clostridia;o__Oscillospirales;f__Ruminococcaceae;g__Gemmiger;s__Gemmiger formicilis,p__Firmicutes,c__Clostridia,g__Gemmiger,s__Gemmiger formicilis,TAL,"sedA,sqvA,sqvD,yihU"
152,MGYG000044428_56:0:9024,d__Bacteria;p__Frimucutes;c__Clostridia;o__Oscillospirales;f__Acutalibacteraceae;g__Acutalibacter;s__Acutalibacter timonensis,p__Firmicutes,c__Clostridia,g__Acutalibacter,s__Acutalibacter timonensis,EMP,"yihV,sqvD,yihQ,sqgA,squF,sqiA"
153,MGYG000044944_9:132838:140740,d__Bacteria;p__Bacteroidota;c__Bacteroidia;o__Bacteroidales;f__Tannerellaceae;g__Parabacteroides;s__Parabacteroides gordonii,p__Bacteroidota,c__Bacteroidia,g__Parabacteroides,s__Parabacteroides gordonii,TK,"sqwG,sqvD,sqwI"
154,MGYG000045638_22:15739:36227,d__Bacteria;p__Bacteroidota;c__Bacteroidia;o__Bacteroidales;f__Bacteroidaceae;g__Bacteroides;s__Bacteroides uniformis,p__Bacteroidota,c__Bacteroidia,g__Bacteroides,s__Bacteroides uniformis,TK,"sqvD,sqwI,sqwH,yihR,sqwG"
155,MGYG000048005_216:0:2900,d__Bacteria;p__Frimucutes;c__Clostridia;o__Oscillospirales;f__Acutalibacteraceae;g__UBA1417;s__UBA1417 sp900552925,p__Firmicutes,c__Clostridia,g__UBA1417,s__UBA1417 sp900552925,EMP,"yihV,sqiA,sqvD"
156,MGYG000049282_33:4003:8855,d__Bacteria;p__Frimucutes;c__Clostridia;o__Oscillospirales;f__Ruminococcaceae;g__Gemmiger;s__Gemmiger sp900540775,p__Firmicutes,c__Clostridia,g__Gemmiger,s__Gemmiger sp900540775,TAL,"sqvA,sqvD"
157,MGYG000050240_136:0:6519,d__Bacteria;p__Frimucutes;c__Clostridia;o__Lachnospirales;f__Lachnospiraceae;g__Roseburia;s__Roseburia intestinalis,p__Firmicutes,c__Clostridia,g__Roseburia,s__Roseburia intestinalis,TAL,"sqvA,sqvD,sqwH,yihR,sqwG"
158,MGYG000051242_7:140847:146864,d__Bacteria;p__Frimucutes;c__Clostridia;o__Lachnospirales;f__Lachnospiraceae;g__Anaerosporobacter;s__Anaerosporobacter mobilis,p__Firmicutes,c__Clostridia,g__Anaerosporobacter,s__Anaerosporobacter mobilis,TAL,"sqvA,sqvD"
159,MGYG000052801_43:2558:12993,d__Bacteria;p__Frimucutes;c__Clostridia;o__Lachnospirales;f__Lachnospiraceae;g__Enterocloster;s__Enterocloster citroniae,p__Firmicutes,c__Clostridia,g__Enterocloster,s__Enterocloster citroniae,TAL,"yihQ,sqgA,sqvA,sqvD"
160,MGYG000054182_45:33185:37231,d__Bacteria;p__Frimucutes;c__Clostridia;o__Oscillospirales;f__Acutalibacteraceae;g__UBA5905;s__UBA5905 sp004558485,p__Firmicutes,c__Clostridia,g__UBA5905,s__UBA5905 sp004558485,TAL,"sqvA,sqvD"
161,MGYG000054412_4:34796:39942,d__Bacteria;p__Frimucutes;c__Clostridia;o__Oscillospirales;f__Oscillospiraceae;g__UBA1777;s__UBA1777 sp900546515,p__Firmicutes,c__Clostridia,g__UBA1777,s__UBA1777 sp900546515,EMP,"yihV,sqiA,sqvD"
162,MGYG000054718_90:0:11059,d__Bacteria;p__Bacteroidota;c__Bacteroidia;o__Bacteroidales;f__Bacteroidaceae;g__Prevotella;s__Prevotella sp900557405,p__Bacteroidota,c__Bacteroidia,g__Prevotella,s__Prevotella sp900557405,TK,"sqwG,yihR,sqvD,sqwI"
163,MGYG000056337_8:11172:20835,d__Bacteria;p__Frimucutes;c__Clostridia;o__Oscillospirales;f__Acutalibacteraceae;g__UBA1417;s__UBA1417 sp003531055,p__Firmicutes,c__Clostridia,g__UBA1417,s__UBA1417 sp003531055,EMP,"yihV,sqvD,yihQ,sqgA,squF,sqiA"
164,MGYG000057041_6:258601:266612,d__Bacteria;p__Proteobacteria;c__Gammaproteobacteria;o__Enterobacterales;f__Vibrionaceae;g__Vibrio;s__Vibrio parahaemolyticus,p__Proteobacteria,c__Gammaproteobacteria,g__Vibrio,s__Vibrio parahaemolyticus,ED,"sedA,sedC,sedD,yihR,sqgA"
165,MGYG000057254_30:6498:13284,d__Bacteria;p__Frimucutes;c__Clostridia;o__Monoglobales;f__Monoglobaceae;g__UMGS1494;s__UMGS1494 sp900552305,p__Firmicutes,c__Clostridia,g__UMGS1494,s__UMGS1494 sp900552305,EMP,"yihV,sqiA,sqvD"
166,MGYG000059280_15:1473:9634,d__Bacteria;p__Frimucutes;c__Clostridia;o__Oscillospirales;f__Ruminococcaceae;g__Faecalibacterium;s__Faecalibacterium prausnitzii,p__Firmicutes,c__Clostridia,g__Faecalibacterium,s__Faecalibacterium prausnitzii,TAL,"sedA,sqvA,sqvD"
167,MGYG000060108_187:0:5685,d__Bacteria;p__Bacteroidota;c__Bacteroidia;o__Bacteroidales;f__Bacteroidaceae;g__Phocaeicola;s__Phocaeicola dorei,p__Bacteroidota,c__Bacteroidia,g__Phocaeicola,s__Phocaeicola dorei,TK,"sqwG,sqvD,sqwI"
168,MGYG000060856_21:4647:8925,d__Bacteria;p__Frimucutes;c__Clostridia;o__Lachnospirales;f__Lachnospiraceae;g__Agathobacter;s__Agathobacter sp900546625,p__Firmicutes,c__Clostridia,g__Agathobacter,s__Agathobacter sp900546625,TAL,"sqvA,sqvD"
169,MGYG000060971_69:387:7910,d__Bacteria;p__Frimucutes;c__Clostridia;o__Lachnospirales;f__Lachnospiraceae;g__Eisenbergiella;s__Eisenbergiella tayi,p__Firmicutes,c__Clostridia,g__Eisenbergiella,s__Eisenbergiella tayi,EMP,"squF,yihV,sqiA,sqvD"
170,MGYG000061491_149:3363:7714,d__Bacteria;p__Frimucutes;c__Clostridia;o__Lachnospirales;f__Lachnospiraceae;g__Roseburia;s__Roseburia sp900552665,p__Firmicutes,c__Clostridia,g__Roseburia,s__Roseburia sp900552665,EMP,"sqiK,sqiA,sqvD"
171,MGYG000062670_21:6014:15280,d__Bacteria;p__Proteobacteria;c__Gammaproteobacteria;o__Enterobacterales;f__Enterobacteriaceae;g__Escherichia;s__Escherichia coli_D,p__Proteobacteria,c__Gammaproteobacteria,g__Escherichia,s__Escherichia coli_D,EMP,"yihV,yihQ,yihU,yihR,yihS,yihT"
172,MGYG000065711_131:0:7309,d__Bacteria;p__Frimucutes;c__Clostridia;o__Oscillospirales;f__Oscillospiraceae;g__CAG-170;s__CAG-170 sp900545925,p__Firmicutes,c__Clostridia,g__CAG-170,s__CAG-170 sp900545925,EMPTK,"yihV,sqvD,sqwI,sqwG,sqiA"
173,MGYG000066968_3:52826:67452,d__Bacteria;p__Frimucutes;c__Negativicutes;o__Selenomonadales;f__Selenomonadaceae;g__Megamonas;s__Megamonas funiformis,p__Firmicutes,c__Negativicutes,g__Megamonas,s__Megamonas funiformis,EMP,"sqvD,sqiK,yihQ,yihU,yihR,sqwF,sqiA"
174,MGYG000067213_97:1260:7706,d__Bacteria;p__Frimucutes;c__Clostridia;o__Lachnospirales;f__Lachnospiraceae;g__Lachnospira;s__Lachnospira rogosae_A,p__Firmicutes,c__Clostridia,g__Lachnospira,s__Lachnospira rogosae_A,TAL,"sqwG,sqvA,sqvD"
175,MGYG000067255_244:0:2920,d__Bacteria;p__Frimucutes;c__Clostridia;o__Oscillospirales;f__Oscillospiraceae;g__Lawsonibacter;s__Lawsonibacter sp000177015,p__Firmicutes,c__Clostridia,g__Lawsonibacter,s__Lawsonibacter sp000177015,TAL,"sqvA,sqvD"
176,MGYG000067347_21:3725:13158,d__Bacteria;p__Frimucutes;c__Clostridia;o__Oscillospirales;f__Acutalibacteraceae;g__UMGS1279;s__UMGS1279 sp900761625,p__Firmicutes,c__Clostridia,g__UMGS1279,s__UMGS1279 sp900761625,EMP,"yihV,yihR,sqiA,sqvD"
177,MGYG000068078_7:7499:19028,d__Bacteria;p__Frimucutes;c__Clostridia;o__Oscillospirales;f__Oscillospiraceae;g__CAG-170;s__CAG-170 sp000432135,p__Firmicutes,c__Clostridia,g__CAG-170,s__CAG-170 sp000432135,EMP,"yihV,sqvD,sedA,slaB,yihR,squF,sqiA"
178,MGYG000068350_3:77875:84236,d__Bacteria;p__Frimucutes;c__Clostridia;o__Oscillospirales;f__Oscillospiraceae;g__Evtepia;s__Evtepia gabavorous,p__Firmicutes,c__Clostridia,g__Evtepia,s__Evtepia gabavorous,EMP,"sqiK,sqiA,yihS"
179,MGYG000068655_62:12941:20062,d__Bacteria;p__Frimucutes;c__Clostridia;o__Lachnospirales;f__Lachnospiraceae;g__CAG-56;s__CAG-56 sp900762665,p__Firmicutes,c__Clostridia,g__CAG-56,s__CAG-56 sp900762665,EMP,"yihV,sqiA,sqvD"
180,MGYG000069413_99:0:4209,d__Bacteria;p__Frimucutes;c__Clostridia;o__Oscillospirales;f__Ruminococcaceae;g__Negativibacillus;s__Negativibacillus sp000435195,p__Firmicutes,c__Clostridia,g__Negativibacillus,s__Negativibacillus sp000435195,TAL,"sqwG,sqvA,sqvD"
181,MGYG000069822_81:0:7675,d__Bacteria;p__Bacteroidota;c__Bacteroidia;o__Bacteroidales;f__Bacteroidaceae;g__Prevotella;s__Prevotella sp900557255,p__Bacteroidota,c__Bacteroidia,g__Prevotella,s__Prevotella sp900557255,TK,"sqwG,sqvD,sqwI"
182,MGYG000071565_133:744:6477,d__Bacteria;p__Firmicutes;c__Bacilli;o__Erysipelotrichales;f__Erysipelatoclostridiaceae;g__Coprobacillus;s__Coprobacillus cateniformis,p__Firmicutes,c__Bacilli,g__Coprobacillus,s__Coprobacillus cateniformis,TAL,"sqvA,sqvD"
183,MGYG000071999_73:220857:240904,d__Bacteria;p__Bacteroidota;c__Bacteroidia;o__Bacteroidales;f__Bacteroidaceae;g__Bacteroides;s__Bacteroides caccae,p__Bacteroidota,c__Bacteroidia,g__Bacteroides,s__Bacteroides caccae,TK,"sqvD,sqwI,sqwH,yihR,sqgA,sqwG"
184,MGYG000072012_52:7527:15251,d__Bacteria;p__Frimucutes;c__Clostridia;o__Lachnospirales;f__Lachnospiraceae;g__Roseburia;s__Roseburia sp900552665,p__Firmicutes,c__Clostridia,g__Roseburia,s__Roseburia sp900552665,EMP,"squF,yihV,sqiA,sqvD"
185,MGYG000072504_98:15882:28672,d__Bacteria;p__Frimucutes;c__Clostridia;o__Lachnospirales;f__Lachnospiraceae;g__Agathobacter;s__Agathobacter sp900548765,p__Firmicutes,c__Clostridia,g__Agathobacter,s__Agathobacter sp900548765,TAL,"sqwF,yihV,sqvA,sqvD"
186,MGYG000073289_238:0:1918,d__Bacteria;p__Frimucutes;c__Clostridia;o__Oscillospirales;f__Ruminococcaceae;g__Ruminiclostridium_E;s__Ruminiclostridium_E siraeum,p__Firmicutes,c__Clostridia,g__Ruminiclostridium_E,s__Ruminiclostridium_E siraeum,TAL,"sqvA,sqvD"
187,MGYG000074189_108:0:8901,d__Bacteria;p__Bacteroidota;c__Bacteroidia;o__Bacteroidales;f__Bacteroidaceae;g__Phocaeicola;s__Phocaeicola coprocola,p__Bacteroidota,c__Bacteroidia,g__Phocaeicola,s__Phocaeicola coprocola,TK,"sqwG,yihR,sqvD,sqwI"
188,MGYG000074700_39:11179:19037,d__Bacteria;p__Frimucutes;c__Clostridia;o__Oscillospirales;f__Ruminococcaceae;g__Ruthenibacterium;s__Ruthenibacterium lactatiformans,p__Firmicutes,c__Clostridia,g__Ruthenibacterium,s__Ruthenibacterium lactatiformans,EMP,"yihV,sqvD,yihR,squF,sqiA"
189,MGYG000075098_35:4709:10111,d__Bacteria;p__Frimucutes;c__Clostridia;o__Oscillospirales;f__Acutalibacteraceae;g__CAG-177;s__CAG-177 sp003538135,p__Firmicutes,c__Clostridia,g__CAG-177,s__CAG-177 sp003538135,TAL,"sqvA,sqvD,yihU"
190,MGYG000076607_1:32507:42105,d__Bacteria;p__Frimucutes;c__Clostridia;o__Oscillospirales;f__Acutalibacteraceae;g__UBA1417;s__UBA1417 sp003531055,p__Firmicutes,c__Clostridia,g__UBA1417,s__UBA1417 sp003531055,EMP,"yihV,sqvD,yihQ,sqgA,squF,sqiA"
191,MGYG000076719_196:6481:14211,d__Bacteria;p__Frimucutes;c__Clostridia;o__Oscillospirales;f__Acutalibacteraceae;g__UBA737;s__UBA737 sp900547305,p__Firmicutes,c__Clostridia,g__UBA737,s__UBA737 sp900547305,EMP,"yihV,sqiA,sqvD"
192,MGYG000076771_130:0:5974,d__Bacteria;p__Frimucutes;c__Clostridia;o__Oscillospirales;f__Oscillospiraceae;g__UBA1777;s__UBA1777 sp900549865,p__Firmicutes,c__Clostridia,g__UBA1777,s__UBA1777 sp900549865,TK,"sqvD,sqwI,sqwH,sqwG,sqwF"
193,MGYG000076992_49:0:11579,d__Bacteria;p__Bacteroidota;c__Bacteroidia;o__Bacteroidales;f__Bacteroidaceae;g__43-108;s__43-108 sp001915545,p__Bacteroidota,c__Bacteroidia,g__43-108,s__43-108 sp001915545,TK,"sqwG,yihR,sqvD,sqwI"
194,MGYG000077106_30:180:10624,d__Bacteria;p__Bacteroidota;c__Bacteroidia;o__Bacteroidales;f__Bacteroidaceae;g__Phocaeicola;s__Phocaeicola sp900551065,p__Bacteroidota,c__Bacteroidia,g__Phocaeicola,s__Phocaeicola sp900551065,TK,"sqwG,yihR,sqvD,sqwI"
195,MGYG000079025_57:0:7363,d__Bacteria;p__Bacteroidota;c__Bacteroidia;o__Bacteroidales;f__Bacteroidaceae;g__Prevotella;s__Prevotella copri_A,p__Bacteroidota,c__Bacteroidia,g__Prevotella,s__Prevotella copri_A,TK,"sqwG,sqvD,sqwI"
196,MGYG000080767_23:43547:59155,d__Bacteria;p__Bacteroidota;c__Bacteroidia;o__Bacteroidales;f__Bacteroidaceae;g__Phocaeicola;s__Phocaeicola sp900546095,p__Bacteroidota,c__Bacteroidia,g__Phocaeicola,s__Phocaeicola sp900546095,TK,"sqwG,sqvD,sqwI,yihR,squF,sqwF"
197,MGYG000081272_13:18556:26325,d__Bacteria;p__Bacteroidota;c__Bacteroidia;o__Bacteroidales;f__Tannerellaceae;g__Parabacteroides;s__Parabacteroides timonensis,p__Bacteroidota,c__Bacteroidia,g__Parabacteroides,s__Parabacteroides timonensis,TK,"sqwG,sqvD,sqwI"
198,MGYG000082523_21:67624:75256,d__Bacteria;p__Frimucutes;c__Clostridia;o__Lachnospirales;f__Lachnospiraceae;g__Roseburia;s__Roseburia intestinalis,p__Firmicutes,c__Clostridia,g__Roseburia,s__Roseburia intestinalis,TAL,"sqvA,sqvD,sqwH,yihR,sqwG"
199,MGYG000084145_11:10851:20588,d__Bacteria;p__Frimucutes;c__Clostridia;o__Lachnospirales;f__Lachnospiraceae;g__AF33-28;s__AF33-28 sp003477885,p__Firmicutes,c__Clostridia,g__AF33-28,s__AF33-28 sp003477885,EMP,"yihV,sqvD,yihR,squF,sqiA"
200,MGYG000084616_8:36705:49456,d__Bacteria;p__Bacteroidota;c__Bacteroidia;o__Bacteroidales;f__Bacteroidaceae;g__Prevotella;s__Prevotella sp900554045,p__Bacteroidota,c__Bacteroidia,g__Prevotella,s__Prevotella sp900554045,TK,"sqwG,yihR,sqvD,sqwI"
201,MGYG000084917_3:45618:54137,d__Bacteria;p__Frimucutes;c__Clostridia;o__Lachnospirales;f__Lachnospiraceae;g__Lachnospira;s__Lachnospira sp000436535,p__Firmicutes,c__Clostridia,g__Lachnospira,s__Lachnospira sp000436535,TAL,"sqwG,sqvA,sqvD"
202,MGYG000085989_390:2730:7873,d__Bacteria;p__Frimucutes;c__Clostridia;o__Lachnospirales;f__Lachnospiraceae;g__UMGS680;s__UMGS680 sp900544525,p__Firmicutes,c__Clostridia,g__UMGS680,s__UMGS680 sp900544525,TAL,"sqvA,sqvD"
203,MGYG000086823_74:0:3654,d__Bacteria;p__Frimucutes;c__Clostridia;o__Oscillospirales;f__Ruminococcaceae;g__Gemmiger;s__Gemmiger qucibialis,p__Firmicutes,c__Clostridia,g__Gemmiger,s__Gemmiger qucibialis,TAL,"sqvA,sqvD"
204,MGYG000088049_80:0:5577,d__Bacteria;p__Frimucutes;c__Clostridia;o__Lachnospirales;f__Lachnospiraceae;g__Eisenbergiella;s__Eisenbergiella massiliensis,p__Firmicutes,c__Clostridia,g__Eisenbergiella,s__Eisenbergiella massiliensis,EMP,"yihV,sqiA,sqvD,yihU"
205,MGYG000089200_20:30075:35914,d__Bacteria;p__Frimucutes;c__Clostridia;o__Oscillospirales;f__Ruminococcaceae;g__Gemmiger;s__Gemmiger formicilis,p__Firmicutes,c__Clostridia,g__Gemmiger,s__Gemmiger formicilis,TAL,"sqvA,sqvD"
206,MGYG000090677_65:2605:8250,d__Bacteria;p__Frimucutes;c__Clostridia;o__Oscillospirales;f__Acutalibacteraceae;g__Acutalibacter;s__Acutalibacter sp900543555,p__Firmicutes,c__Clostridia,g__Acutalibacter,s__Acutalibacter sp900543555,EMP,"squF,yihV,sqiA,sqvD"
207,MGYG000090826_2:18543:24738,d__Bacteria;p__Frimucutes;c__Clostridia;o__Oscillospirales;f__Oscillospiraceae;g__CAG-110;s__CAG-110 sp900549705,p__Firmicutes,c__Clostridia,g__CAG-110,s__CAG-110 sp900549705,EMP,"squF,yihV,sqiA,sqvD"
208,MGYG000091901_82:3159:7953,d__Bacteria;p__Frimucutes;c__Clostridia;o__Lachnospirales;f__Lachnospiraceae;g__Coprococcus;s__Coprococcus sp900761435,p__Firmicutes,c__Clostridia,g__Coprococcus,s__Coprococcus sp900761435,TAL,"sqvA,sqvD"
209,MGYG000092180_5:85916:97284,d__Bacteria;p__Frimucutes;c__Clostridia;o__Lachnospirales;f__Lachnospiraceae;g__Blautia_A;s__Blautia_A obeum,p__Firmicutes,c__Clostridia,g__Blautia_A,s__Blautia_A obeum,EMP,"yihV,sqvD,yihR,squF,sqiA"
210,MGYG000093086_8:32567:49307,d__Bacteria;p__Bacteroidota;c__Bacteroidia;o__Bacteroidales;f__Bacteroidaceae;g__Prevotella;s__Prevotella sp002481295,p__Bacteroidota,c__Bacteroidia,g__Prevotella,s__Prevotella sp002481295,TK,"sqwG,yihR,sqvD,sqwI"
211,MGYG000093659_66:0:6744,d__Bacteria;p__Frimucutes;c__Clostridia;o__Monoglobales_A;f__UBA9506;g__UBA9506;s__UBA9506 sp003506415,p__Firmicutes,c__Clostridia,g__UBA9506,s__UBA9506 sp003506415,EMP,"yihV,sqiA,sqvD"
212,MGYG000093733_389:0:3795,d__Bacteria;p__Frimucutes;c__Clostridia;o__Lachnospirales;f__Lachnospiraceae;g__Enterocloster;s__Enterocloster bolteae,p__Firmicutes,c__Clostridia,g__Enterocloster,s__Enterocloster bolteae,TAL,"yihS,sqvA"
213,MGYG000097371_90:0:5192,d__Bacteria;p__Frimucutes;c__Clostridia;o__Lachnospirales;f__Lachnospiraceae;g__Lachnospira;s__Lachnospira sp900316325,p__Firmicutes,c__Clostridia,g__Lachnospira,s__Lachnospira sp900316325,TAL,"sqvA,sqvD"
214,MGYG000097426_42:6877:12270,d__Bacteria;p__Frimucutes;c__Clostridia;o__Oscillospirales;f__CAG-272;g__UMGS911;s__UMGS911 sp900546695,p__Firmicutes,c__Clostridia,g__UMGS911,s__UMGS911 sp900546695,TAL,"sqvA,sqvD"
215,MGYG000097773_336:0:2890,d__Bacteria;p__Frimucutes;c__Clostridia;o__Lachnospirales;f__Lachnospiraceae;g__COE1;s__COE1 sp001916965,p__Firmicutes,c__Clostridia,g__COE1,s__COE1 sp001916965,TAL,"sqvA,sqvD"
216,MGYG000098344_131:511:6089,d__Bacteria;p__Frimucutes;c__Clostridia;o__Lachnospirales;f__Lachnospiraceae;g__Lachnospira;s__Lachnospira sp000437735,p__Firmicutes,c__Clostridia,g__Lachnospira,s__Lachnospira sp000437735,TAL,"sqvA,sqvD"
217,MGYG000098493_43:12121:18268,d__Bacteria;p__Frimucutes;c__Clostridia;o__Oscillospirales;f__Ruminococcaceae;g__Gemmiger;s__Gemmiger sp900540595,p__Firmicutes,c__Clostridia,g__Gemmiger,s__Gemmiger sp900540595,TAL,"sqvA,sqvD"
218,MGYG000098981_20:3462:9850,d__Bacteria;p__Frimucutes;c__Clostridia;o__Oscillospirales;f__Ruminococcaceae;g__Gemmiger;s__Gemmiger variabilis_A,p__Firmicutes,c__Clostridia,g__Gemmiger,s__Gemmiger variabilis_A,TAL,"sqvA,sqvD"
219,MGYG000099260_6:94660:100690,d__Bacteria;p__Frimucutes;c__Clostridia;o__Oscillospirales;f__CAG-272;g__CAG-390;s__CAG-390 sp900753295,p__Firmicutes,c__Clostridia,g__CAG-390,s__CAG-390 sp900753295,TAL,"sqvA,sqvD"
220,MGYG000101863_2:8567:21976,d__Bacteria;p__Frimucutes;c__Clostridia_A;o__Christensenellales;f__CAG-138;g__UMGS1241;s__UMGS1241 sp900540495,p__Firmicutes,c__Clostridia_A,g__UMGS1241,s__UMGS1241 sp900540495,EMP,"yihV,sqvD,sedD,sqgA,sqiA"
221,MGYG000104025_116:0:3783,d__Bacteria;p__Frimucutes;c__Clostridia;o__Oscillospirales;f__Oscillospiraceae;g__CAG-110;s__CAG-110 sp900546075,p__Firmicutes,c__Clostridia,g__CAG-110,s__CAG-110 sp900546075,EMP,"yihV,sqiA,sqvD"
222,MGYG000104746_45:22135:28225,d__Bacteria;p__Proteobacteria;c__Gammaproteobacteria;o__Enterobacterales;f__Enterobacteriaceae;g__Enterobacter;s__Enterobacter cancerogenus,p__Proteobacteria,c__Gammaproteobacteria,g__Enterobacter,s__Enterobacter cancerogenus,EMP,"yihV,yihS,yihT,yihU"
223,MGYG000105688_11:27842:36049,d__Bacteria;p__Fusobacteriota;c__Fusobacteriia;o__Fusobacteriales;f__Fusobacteriaceae;g__Fusobacterium_B;s__Fusobacterium_B sp900542625,p__Fusobacteriota,c__Fusobacteriia,g__Fusobacterium_B,s__Fusobacterium_B sp900542625,TAL,"yihQ,sqgA,sqvA,sqvD"
224,MGYG000108574_48:0:4863,d__Bacteria;p__Frimucutes;c__Clostridia_A;o__Christensenellales;f__CAG-74;g__HGM11588;s__HGM11588 sp900754755,p__Firmicutes,c__Clostridia_A,g__HGM11588,s__HGM11588 sp900754755,EMP,"yihV,sqiA,sqvD"
225,MGYG000108732_54:19319:44349,d__Bacteria;p__Bacteroidota;c__Bacteroidia;o__Bacteroidales;f__Bacteroidaceae;g__Phocaeicola;s__Phocaeicola sp902388365,p__Bacteroidota,c__Bacteroidia,g__Phocaeicola,s__Phocaeicola sp902388365,TK,"sqvD,sqwI,sqwH,yihR,sqgA,sqwG"
226,MGYG000108969_2:8457:18014,d__Bacteria;p__Frimucutes;c__Clostridia;o__Oscillospirales;f__Oscillospiraceae;g__UBA1777;s__,p__Firmicutes,c__Clostridia,g__UBA1777,s__,TK,"sqvD,sqwI,yihQ,sqwH,sqwG,sqwF"
227,MGYG000112016_24:2116:8928,d__Bacteria;p__Frimucutes;c__Clostridia;o__Lachnospirales;f__Lachnospiraceae;g__Clostridium_Q;s__Clostridium_Q sp003024715,p__Firmicutes,c__Clostridia,g__Clostridium_Q,s__Clostridium_Q sp003024715,TAL,"sqvA,sqvD"
228,MGYG000114609_71:6239:12922,d__Bacteria;p__Frimucutes;c__Clostridia;o__UMGS1883;f__UMGS1883;g__UMGS1883;s__UMGS1883 sp900763305,p__Firmicutes,c__Clostridia,g__UMGS1883,s__UMGS1883 sp900763305,EMP,"yihV,sqiA,sqvD"
229,MGYG000114897_53:1459733:1475423,d__Bacteria;p__Frimucutes;c__Clostridia_A;o__Christensenellales;f__Christensenellaceae;g__Christensenella;s__Christensenella minuta,p__Firmicutes,c__Clostridia_A,g__Christensenella,s__Christensenella minuta,EMP,"yihV,sqvD,sqwH,yihU,sqwG,sqiA"
230,MGYG000115669_16:3775:11908,d__Bacteria;p__Spirochaetota;c__Brachyspirae;o__Brachyspirales;f__Brachyspiraceae;g__Brachyspira;s__Brachyspira pilosicoli,p__Spirochaetota,c__Brachyspirae,g__Brachyspira,s__Brachyspira pilosicoli,TAL,"sqvA,sqvD,yihU"
231,MGYG000116832_43:6085:22665,d__Bacteria;p__Bacteroidota;c__Bacteroidia;o__Bacteroidales;f__Bacteroidaceae;g__Prevotella;s__Prevotella sp002300055,p__Bacteroidota,c__Bacteroidia,g__Prevotella,s__Prevotella sp002300055,TK,"sqwG,yihR,sqvD,sqwI"
232,MGYG000117426_61:3205:13444,d__Bacteria;p__Frimucutes;c__Clostridia;o__Oscillospirales;f__Ruminococcaceae;g__Harryflintia;s__Harryflintia acetispora,p__Firmicutes,c__Clostridia,g__Harryflintia,s__Harryflintia acetispora,EMP,"slaB,yihV,sqiA,sqvD"
233,MGYG000117695_33:772:12162,d__Bacteria;p__Bacteroidota;c__Bacteroidia;o__Bacteroidales;f__Bacteroidaceae;g__Bacteroides;s__Bacteroides caccae,p__Bacteroidota,c__Bacteroidia,g__Bacteroides,s__Bacteroides caccae,TK,"sqwG,yihR,sqvD,sqwI"
234,MGYG000117774_351:0:3618,d__Bacteria;p__Frimucutes;c__Clostridia;o__Lachnospirales;f__Lachnospiraceae;g__Hungatella;s__Hungatella sp005845265,p__Firmicutes,c__Clostridia,g__Hungatella,s__Hungatella sp005845265,EMP,"yihV,sqiA,sqvD"
235,MGYG000118449_235:11315:19140,d__Bacteria;p__Frimucutes;c__Clostridia;o__Oscillospirales;f__Oscillospiraceae;g__CAG-170;s__CAG-170 sp000436735,p__Firmicutes,c__Clostridia,g__CAG-170,s__CAG-170 sp000436735,EMP,"yihV,sqiA,sqvD"
236,MGYG000121395_87:0:4816,d__Bacteria;p__Frimucutes;c__Clostridia;o__Lachnospirales;f__Lachnospiraceae;g__Blautia_A;s__Blautia_A wexlerae_A,p__Firmicutes,c__Clostridia,g__Blautia_A,s__Blautia_A wexlerae_A,EMP,"squF,yihV,sqiA,sqvD"
237,MGYG000123341_44:3958:11010,d__Bacteria;p__Frimucutes;c__Clostridia;o__Oscillospirales;f__Ruminococcaceae;g__Gemmiger;s__Gemmiger qucibialis,p__Firmicutes,c__Clostridia,g__Gemmiger,s__Gemmiger qucibialis,TKTAL,"sqvA,sqvD,sqwI,sqwH,sqwG"
238,MGYG000124629_39:1186:13034,d__Bacteria;p__Frimucutes;c__Clostridia;o__Lachnospirales;f__Lachnospiraceae;g__Enterocloster;s__Enterocloster sp900541315,p__Firmicutes,c__Clostridia,g__Enterocloster,s__Enterocloster sp900541315,EMP,"yihV,sqvD,yihR,squF,sqiA"
239,MGYG000125277_8:0:3492,d__Bacteria;p__Frimucutes;c__Clostridia;o__Lachnospirales;f__Lachnospiraceae;g__KLE1615;s__KLE1615 sp900066985,p__Firmicutes,c__Clostridia,g__KLE1615,s__KLE1615 sp900066985,TAL,"sqvA,sqvD"
240,MGYG000126316_2:103615:109706,d__Bacteria;p__Proteobacteria;c__Gammaproteobacteria;o__Enterobacterales;f__Enterobacteriaceae;g__Enterobacter;s__Enterobacter chengduensis,p__Proteobacteria,c__Gammaproteobacteria,g__Enterobacter,s__Enterobacter chengduensis,EMP,"yihV,yihS,yihT,yihU"
241,MGYG000126939_58:16185:28541,d__Bacteria;p__Frimucutes;c__Clostridia;o__Oscillospirales;f__CAG-272;g__UMGS1865;s__UMGS1865 sp900768535,p__Firmicutes,c__Clostridia,g__UMGS1865,s__UMGS1865 sp900768535,TAL,"sqvA,sqvD,sedA,yihU,sqgA"
242,MGYG000127664_58:7426:11023,d__Bacteria;p__Bacteroidota;c__Bacteroidia;o__Bacteroidales;f__Tannerellaceae;g__Parabacteroides;s__Parabacteroides distasonis,p__Bacteroidota,c__Bacteroidia,g__Parabacteroides,s__Parabacteroides distasonis,TAL,"sqvA,sqvD"
243,MGYG000131705_7:39494:50083,d__Bacteria;p__Frimucutes;c__Clostridia;o__Lachnospirales;f__Lachnospiraceae;g__Enterocloster;s__Enterocloster sp000155435,p__Firmicutes,c__Clostridia,g__Enterocloster,s__Enterocloster sp000155435,TAL,"yihQ,sqgA,sqvA,sqvD"
244,MGYG000138458_5:32514:37650,d__Bacteria;p__Frimucutes;c__Clostridia;o__Lachnospirales;f__Lachnospiraceae;g__Blautia_A;s__Blautia_A wexlerae_A,p__Firmicutes,c__Clostridia,g__Blautia_A,s__Blautia_A wexlerae_A,EMP,"yihV,sqiA,sqvD"
245,MGYG000139234_34:0:8576,d__Bacteria;p__Frimucutes;c__Clostridia;o__Lachnospirales;f__Lachnospiraceae;g__Hungatella;s__Hungatella effluvii,p__Firmicutes,c__Clostridia,g__Hungatella,s__Hungatella effluvii,EMP,"squF,yihV,sqiA,sqvD"
246,MGYG000139269_4:52628:66360,d__Bacteria;p__Frimucutes;c__Negativicutes;o__Selenomonadales;f__Selenomonadaceae;g__Megamonas;s__Megamonas funiformis,p__Firmicutes,c__Negativicutes,g__Megamonas,s__Megamonas funiformis,EMP,"sqvD,sqiK,yihQ,yihU,yihR,sqwF,sqiA"
247,MGYG000139299_45:0:4677,d__Bacteria;p__Frimucutes;c__Clostridia;o__Oscillospirales;f__Acutalibacteraceae;g__Eubacterium_R;s__Eubacterium_R sp000436835,p__Firmicutes,c__Clostridia,g__Eubacterium_R,s__Eubacterium_R sp000436835,EMP,"yihV,sqiA,sqvD"
248,MGYG000139914_65:14819:20910,d__Bacteria;p__Proteobacteria;c__Gammaproteobacteria;o__Enterobacterales;f__Enterobacteriaceae;g__Enterobacter;s__Enterobacter hormaechei_A,p__Proteobacteria,c__Gammaproteobacteria,g__Enterobacter,s__Enterobacter hormaechei_A,EMP,"yihV,yihS,yihT,yihU"
249,MGYG000140372_187:0:5084,d__Bacteria;p__Frimucutes;c__Clostridia;o__Oscillospirales;f__CAG-272;g__HGM12713;s__HGM12713 sp900754175,p__Firmicutes,c__Clostridia,g__HGM12713,s__HGM12713 sp900754175,TAL,"sqvA,sqvD"
250,MGYG000140577_28:0:10725,d__Bacteria;p__Frimucutes;c__Clostridia;o__Lachnospirales;f__Lachnospiraceae;g__Blautia_A;s__Blautia_A obeum_B,p__Firmicutes,c__Clostridia,g__Blautia_A,s__Blautia_A obeum_B,EMP,"squF,yihV,sqiA,sqvD"
251,MGYG000141721_34:24380:31441,d__Bacteria;p__Proteobacteria;c__Gammaproteobacteria;o__Enterobacterales;f__Enterobacteriaceae;g__Cronobacter;s__Cronobacter sakazakii,p__Proteobacteria,c__Gammaproteobacteria,g__Cronobacter,s__Cronobacter sakazakii,EMP,"yihV,yihU,yihR,yihS,yihT"
252,MGYG000142263_16:63013:70315,d__Bacteria;p__Bacteroidota;c__Bacteroidia;o__Bacteroidales;f__Bacteroidaceae;g__Phocaeicola;s__Phocaeicola mediterraneensis,p__Bacteroidota,c__Bacteroidia,g__Phocaeicola,s__Phocaeicola mediterraneensis,TK,"sqwG,sqvD,sqwI"
253,MGYG000147040_1:6445:12956,d__Bacteria;p__Frimucutes;c__Clostridia;o__Lachnospirales;f__Lachnospiraceae;g__AM51-8;s__AM51-8 sp003478275,p__Firmicutes,c__Clostridia,g__AM51-8,s__AM51-8 sp003478275,TAL,"sqgA,sqvA,sqvD"
254,MGYG000147537_22:0:12235,d__Bacteria;p__Frimucutes;c__Clostridia_A;o__Christensenellales;f__CAG-138;g__UMGS1241;s__UMGS1241 sp900550525,p__Firmicutes,c__Clostridia_A,g__UMGS1241,s__UMGS1241 sp900550525,EMP,"yihV,sqvD,sedD,sqgA,sqiA"
255,MGYG000148017_5:18828:35215,d__Bacteria;p__Frimucutes;c__Clostridia;o__Lachnospirales;f__Lachnospiraceae;g__Muricomes;s__Muricomes oroticus,p__Firmicutes,c__Clostridia,g__Muricomes,s__Muricomes oroticus,EMP,"yihV,sqvD,yihR,squF,sqwF,sqiA"
256,MGYG000149589_12:48172:64645,d__Bacteria;p__Bacteroidota;c__Bacteroidia;o__Bacteroidales;f__Bacteroidaceae;g__Bacteroides;s__Bacteroides xylanisolvens,p__Bacteroidota,c__Bacteroidia,g__Bacteroides,s__Bacteroides xylanisolvens,TK,"sqvD,sqwI,yihR,yihS,sqwG"
257,MGYG000150156_22:0:13377,d__Bacteria;p__Bacteroidota;c__Bacteroidia;o__Bacteroidales;f__Bacteroidaceae;g__Prevotella;s__Prevotella sp000436595,p__Bacteroidota,c__Bacteroidia,g__Prevotella,s__Prevotella sp000436595,TK,"sqvD,sqwI,sedA,yihR,sqwG"
258,MGYG000151885_16:42648:50032,d__Bacteria;p__Bacteroidota;c__Bacteroidia;o__Bacteroidales;f__Bacteroidaceae;g__Prevotella;s__Prevotella hominis,p__Bacteroidota,c__Bacteroidia,g__Prevotella,s__Prevotella hominis,TK,"sqwG,sqvD,sqwI"
259,MGYG000152577_319:0:6585,d__Bacteria;p__Frimucutes;c__Clostridia;o__Oscillospirales;f__Oscillospiraceae;g__NK3B98;s__NK3B98 sp900758315,p__Firmicutes,c__Clostridia,g__NK3B98,s__NK3B98 sp900758315,EMP,"yihV,sqvD,yihR,squF,sqiA"
260,MGYG000152692_41:935:6811,d__Bacteria;p__Frimucutes;c__Clostridia;o__Oscillospirales;f__Acutalibacteraceae;g__UMGS1623;s__,p__Firmicutes,c__Clostridia,g__UMGS1623,s__,TAL,"sqvA,sqvD"
261,MGYG000154221_40:472:6161,d__Bacteria;p__Frimucutes;c__Clostridia;o__Lachnospirales;f__Lachnospiraceae;g__Lachnospira;s__Lachnospira eligens_A,p__Firmicutes,c__Clostridia,g__Lachnospira,s__Lachnospira eligens_A,TAL,"sqvA,sqvD"
262,MGYG000154767_87:1341:11766,d__Bacteria;p__Bacteroidota;c__Bacteroidia;o__Bacteroidales;f__Bacteroidaceae;g__Phocaeicola;s__Phocaeicola sp900066455,p__Bacteroidota,c__Bacteroidia,g__Phocaeicola,s__Phocaeicola sp900066455,TK,"sqwG,yihR,sqvD,sqwI"
263,MGYG000154868_53:0:5499,d__Bacteria;p__Proteobacteria;c__Gammaproteobacteria;o__Enterobacterales;f__Enterobacteriaceae;g__Enterobacter;s__Enterobacter ludwigii,p__Proteobacteria,c__Gammaproteobacteria,g__Enterobacter,s__Enterobacter ludwigii,EMP,"yihV,yihS,yihT,yihU"
264,MGYG000156129_2:78716:85685,d__Bacteria;p__Frimucutes;c__Clostridia;o__Clostridiales;f__Clostridiaceae;g__Clostridium;s__Clostridium sp900547475,p__Firmicutes,c__Clostridia,g__Clostridium,s__Clostridium sp900547475,TAL,"sqwG,sqvA,sqvD"
265,MGYG000156785_215:0:3327,d__Bacteria;p__Frimucutes;c__Clostridia;o__Oscillospirales;f__CAG-272;g__CAG-390;s__CAG-390 sp000437015,p__Firmicutes,c__Clostridia,g__CAG-390,s__CAG-390 sp000437015,TAL,"sqvA,sqvD"
266,MGYG000157766_76:3253:16012,d__Bacteria;p__Bacteroidota;c__Bacteroidia;o__Bacteroidales;f__Bacteroidaceae;g__Bacteroides;s__Bacteroides intestinalis,p__Bacteroidota,c__Bacteroidia,g__Bacteroides,s__Bacteroides intestinalis,TK,"sqwG,yihR,sqvD,sqwI"
267,MGYG000157853_68:0:5350,d__Bacteria;p__Frimucutes;c__Clostridia;o__Oscillospirales;f__Ruminococcaceae;g__Gemmiger;s__Gemmiger formicilis,p__Firmicutes,c__Clostridia,g__Gemmiger,s__Gemmiger formicilis,TAL,"sqvA,sqvD"
268,MGYG000158898_20:11715:20719,d__Bacteria;p__Firmicutes;c__Bacilli;o__Erysipelotrichales;f__Erysipelatoclostridiaceae;g__Erysipelatoclostridium;s__Erysipelatoclostridium ramosum,p__Firmicutes,c__Bacilli,g__Erysipelatoclostridium,s__Erysipelatoclostridium ramosum,TAL,"sqwG,sqvD,sqvA,sqwH"
269,MGYG000161885_6:237795:258668,d__Bacteria;p__Bacteroidota;c__Bacteroidia;o__Bacteroidales;f__Bacteroidaceae;g__Bacteroides;s__Bacteroides oleiciplenus,p__Bacteroidota,c__Bacteroidia,g__Bacteroides,s__Bacteroides oleiciplenus,TK,"sqvD,sqwI,sqwH,yihR,yihS,sqwG"
270,MGYG000163464_83:257:9790,d__Bacteria;p__Bacteroidota;c__Bacteroidia;o__Bacteroidales;f__Bacteroidaceae;g__Phocaeicola;s__Phocaeicola sp900546645,p__Bacteroidota,c__Bacteroidia,g__Phocaeicola,s__Phocaeicola sp900546645,TK,"sqwG,yihR,sqvD,sqwI"
271,MGYG000165797_10:375:12005,d__Bacteria;p__Frimucutes;c__Clostridia;o__Lachnospirales;f__Lachnospiraceae;g__Blautia_A;s__Blautia_A caecimuris,p__Firmicutes,c__Clostridia,g__Blautia_A,s__Blautia_A caecimuris,EMP,"yihV,sqiA,sqvD,sqwI"
272,MGYG000165874_262:0:2874,d__Bacteria;p__Frimucutes;c__Clostridia_A;o__Christensenellales;f__CAG-74;g__UMGS1600;s__UMGS1600 sp900553295,p__Firmicutes,c__Clostridia_A,g__UMGS1600,s__UMGS1600 sp900553295,EMP,"yihV,sqiA,sqvD"
273,MGYG000165875_5:12140:24116,d__Bacteria;p__Frimucutes;c__Clostridia_A;o__Christensenellales;f__CAG-74;g__Firm-11;s__Firm-11 sp900540045,p__Firmicutes,c__Clostridia_A,g__Firm-11,s__Firm-11 sp900540045,EMP,"yihV,sqvD,sedD,yihU,sqgA,sqiA"
274,MGYG000166285_85:0:5911,d__Bacteria;p__Frimucutes;c__Clostridia;o__Oscillospirales;f__Acutalibacteraceae;g__Eubacterium_R;s__Eubacterium_R sp900542875,p__Firmicutes,c__Clostridia,g__Eubacterium_R,s__Eubacterium_R sp900542875,EMP,"yihV,sqvD,sedA,slaB,sqiA"
275,MGYG000167058_70:0:14179,d__Bacteria;p__Bacteroidota;c__Bacteroidia;o__Bacteroidales;f__Bacteroidaceae;g__Prevotella;s__Prevotella pectinovora,p__Bacteroidota,c__Bacteroidia,g__Prevotella,s__Prevotella pectinovora,TK,"sqwG,yihR,sqvD,sqwI"
276,MGYG000168527_51:2428:9536,d__Bacteria;p__Frimucutes;c__Clostridia;o__Lachnospirales;f__Lachnospiraceae;g__Eisenbergiella;s__Eisenbergiella massiliensis,p__Firmicutes,c__Clostridia,g__Eisenbergiella,s__Eisenbergiella massiliensis,EMP,"yihV,sqvD,sqwI,yihU,sqiA"
277,MGYG000168700_76:6191:11768,d__Bacteria;p__Frimucutes;c__Clostridia;o__Oscillospirales;f__Ruminococcaceae;g__Gemmiger;s__Gemmiger qucibialis,p__Firmicutes,c__Clostridia,g__Gemmiger,s__Gemmiger qucibialis,TKTAL,"sqvA,sqvD,sqwI,sqwH,sqwG"
278,MGYG000169420_11:0:2349,d__Bacteria;p__Frimucutes;c__Clostridia;o__Lachnospirales;f__Lachnospiraceae;g__CAG-45;s__CAG-45 sp000438375,p__Firmicutes,c__Clostridia,g__CAG-45,s__CAG-45 sp000438375,TAL,"sqvA,sqvD"
279,MGYG000171144_118:3041:12046,d__Bacteria;p__Proteobacteria;c__Gammaproteobacteria;o__Enterobacterales;f__Enterobacteriaceae;g__Citrobacter;s__Citrobacter braakii,p__Proteobacteria,c__Gammaproteobacteria,g__Citrobacter,s__Citrobacter braakii,EMP,"yihV,yihQ,yihU,yihR,yihS,yihT"
280,MGYG000171696_120:0:5086,d__Bacteria;p__Frimucutes;c__Clostridia;o__Lachnospirales;f__Lachnospiraceae;g__Lachnospira;s__Lachnospira rogosae_A,p__Firmicutes,c__Clostridia,g__Lachnospira,s__Lachnospira rogosae_A,TAL,"sqvA,sqvD"
281,MGYG000172509_24:14112:23969,d__Bacteria;p__Frimucutes;c__Clostridia;o__Clostridiales;f__Clostridiaceae;g__Clostridium;s__Clostridium butyricum,p__Firmicutes,c__Clostridia,g__Clostridium,s__Clostridium butyricum,TAL,"sqwG,yihR,sqvA,sqvD"
282,MGYG000172602_16:0:4470,d__Bacteria;p__Frimucutes;c__Clostridia;o__Lachnospirales;f__Lachnospiraceae;g__Muricomes;s__Muricomes sp000509105,p__Firmicutes,c__Clostridia,g__Muricomes,s__Muricomes sp000509105,EMP,"sedA,yihV,sqiA,sqvD"
283,MGYG000172628_17:51211:67491,d__Bacteria;p__Bacteroidota;c__Bacteroidia;o__Bacteroidales;f__Bacteroidaceae;g__Bacteroides;s__Bacteroides sp900547205,p__Bacteroidota,c__Bacteroidia,g__Bacteroides,s__Bacteroides sp900547205,TK,"sqvD,sqwI,yihR,yihS,sqwG"
284,MGYG000174123_175:590:6943,d__Bacteria;p__Bacteroidota;c__Bacteroidia;o__Bacteroidales;f__Tannerellaceae;g__Parabacteroides;s__Parabacteroides sp014287585,p__Bacteroidota,c__Bacteroidia,g__Parabacteroides,s__Parabacteroides sp014287585,TK,"sqwG,sqvD,sqwI"
285,MGYG000175006_287:17175:22840,d__Bacteria;p__Frimucutes;c__Clostridia;o__Lachnospirales;f__Lachnospiraceae;g__Lachnospira;s__Lachnospira sp900552795,p__Firmicutes,c__Clostridia,g__Lachnospira,s__Lachnospira sp900552795,TAL,"sqvA,sqvD"
286,MGYG000175428_26:7218:15498,d__Bacteria;p__Frimucutes;c__Clostridia;o__Oscillospirales;f__Acutalibacteraceae;g__UBA737;s__UBA737 sp900549755,p__Firmicutes,c__Clostridia,g__UBA737,s__UBA737 sp900549755,TAL,"sqgA,sqvA,sqvD"
287,MGYG000175720_194:0:5592,d__Bacteria;p__Bacteroidota;c__Bacteroidia;o__Bacteroidales;f__Tannerellaceae;g__Parabacteroides;s__Parabacteroides acidifaciens,p__Bacteroidota,c__Bacteroidia,g__Parabacteroides,s__Parabacteroides acidifaciens,TK,"sqwG,sqvD,sqwI"
288,MGYG000176915_18:13257:21475,d__Bacteria;p__Frimucutes;c__Clostridia;o__Lachnospirales;f__Lachnospiraceae;g__Roseburia;s__Roseburia sp003470905,p__Firmicutes,c__Clostridia,g__Roseburia,s__Roseburia sp003470905,TAL,"sqvA,sqvD,sqwH,yihR,sqwG"
289,MGYG000177452_11:0:15466,d__Bacteria;p__Bacteroidota;c__Bacteroidia;o__Bacteroidales;f__Bacteroidaceae;g__Bacteroides;s__Bacteroides sp900556215,p__Bacteroidota,c__Bacteroidia,g__Bacteroides,s__Bacteroides sp900556215,TK,"sqvD,sqwI,yihR,yihS,sqwG"
290,MGYG000177513_2:40801:47741,d__Bacteria;p__Frimucutes;c__Clostridia;o__Tissierellales;f__Peptoniphilaceae;g__Anaerococcus;s__,p__Firmicutes,c__Clostridia,g__Anaerococcus,s__,TAL,"yihV,sqvA,sqvD"
291,MGYG000177556_100:1262:13165,d__Bacteria;p__Bacteroidota;c__Bacteroidia;o__Bacteroidales;f__Bacteroidaceae;g__Phocaeicola;s__Phocaeicola dorei,p__Bacteroidota,c__Bacteroidia,g__Phocaeicola,s__Phocaeicola dorei,TK,"sqwG,yihR,sqvD,sqwI"
292,MGYG000177987_39:1585:6387,d__Bacteria;p__Frimucutes;c__Clostridia;o__Oscillospirales;f__CAG-272;g__UMGS1865;s__UMGS1865 sp900555785,p__Firmicutes,c__Clostridia,g__UMGS1865,s__UMGS1865 sp900555785,TAL,"sqvA,sqvD"
293,MGYG000179435_31:3885:17667,d__Bacteria;p__Fusobacteriota;c__Fusobacteriia;o__Fusobacteriales;f__Fusobacteriaceae;g__Cetobacterium_A;s__Cetobacterium_A somerae,p__Fusobacteriota,c__Fusobacteriia,g__Cetobacterium_A,s__Cetobacterium_A somerae,TAL,"sqvA,sqvD,yihQ,yihU,yihR,sqwF"
294,MGYG000180198_247:0:3918,d__Bacteria;p__Frimucutes;c__Clostridia;o__Lachnospirales;f__Lachnospiraceae;g__Lachnospira;s__Lachnospira sp900547255,p__Firmicutes,c__Clostridia,g__Lachnospira,s__Lachnospira sp900547255,TAL,"sqvA,sqvD"
295,MGYG000180586_12:51138:67483,d__Bacteria;p__Bacteroidota;c__Bacteroidia;o__Bacteroidales;f__Bacteroidaceae;g__Bacteroides;s__Bacteroides thetaiotaomicron,p__Bacteroidota,c__Bacteroidia,g__Bacteroides,s__Bacteroides thetaiotaomicron,TK,"sqvD,sqwI,yihR,yihS,sqwG"
296,MGYG000182066_151:11556:17181,d__Bacteria;p__Frimucutes;c__Clostridia;o__Lachnospirales;f__Lachnospiraceae;g__Roseburia;s__Roseburia sp900552665,p__Firmicutes,c__Clostridia,g__Roseburia,s__Roseburia sp900552665,EMP,"sqiK,sqiA,sqvD"
297,MGYG000182200_35:24453:32412,d__Bacteria;p__Frimucutes;c__Clostridia;o__Lachnospirales;f__Lachnospiraceae;g__Roseburia;s__Roseburia intestinalis,p__Firmicutes,c__Clostridia,g__Roseburia,s__Roseburia intestinalis,TAL,"sqvA,sqvD,sqwH,yihR,sqwG"
298,MGYG000182795_286:0:3804,d__Bacteria;p__Frimucutes;c__Clostridia;o__Oscillospirales;f__Oscillospiraceae;g__CAG-170;s__CAG-170 sp900545925,p__Firmicutes,c__Clostridia,g__CAG-170,s__CAG-170 sp900545925,EMP,"yihV,sqiA,sqvD"
299,MGYG000183419_224:0:3229,d__Bacteria;p__Frimucutes;c__Clostridia;o__Lachnospirales;f__Lachnospiraceae;g__Lachnospira;s__Lachnospira sp900551945,p__Firmicutes,c__Clostridia,g__Lachnospira,s__Lachnospira sp900551945,TAL,"sqvA,sqvD"
300,MGYG000184133_2:0:9137,d__Bacteria;p__Frimucutes;c__Clostridia;o__Oscillospirales;f__Acutalibacteraceae;g__Acutalibacter;s__Acutalibacter sp900548545,p__Firmicutes,c__Clostridia,g__Acutalibacter,s__Acutalibacter sp900548545,EMP,"yihV,sqvD,yihQ,sqgA,sqiA"
301,MGYG000184593_1:19765:23856,d__Bacteria;p__Frimucutes;c__Clostridia;o__Oscillospirales;f__Acutalibacteraceae;g__UBA737;s__UBA737 sp002431945,p__Firmicutes,c__Clostridia,g__UBA737,s__UBA737 sp002431945,TAL,"sqvA,sqvD"
302,MGYG000187045_14:30927:45794,d__Bacteria;p__Bacteroidota;c__Bacteroidia;o__Bacteroidales;f__Bacteroidaceae;g__Phocaeicola;s__Phocaeicola plebeius_A,p__Bacteroidota,c__Bacteroidia,g__Phocaeicola,s__Phocaeicola plebeius_A,TK,"sqwG,yihR,sqvD,sqwI"
303,MGYG000191310_97:0:10501,d__Bacteria;p__Bacteroidota;c__Bacteroidia;o__Bacteroidales;f__Bacteroidaceae;g__Paraprevotella;s__Paraprevotella clara,p__Bacteroidota,c__Bacteroidia,g__Paraprevotella,s__Paraprevotella clara,TK,"sqwG,yihR,sqvD,sqwI"
304,MGYG000191367_170:136:4703,d__Bacteria;p__Desulfobacterota;c__Desulfovibrionia;o__Desulfovibrionales;f__Desulfovibrionaceae;g__Desulfovibrio;s__Desulfovibrio piger,p__Desulfobacterota,c__Desulfovibrionia,g__Desulfovibrio,s__Desulfovibrio piger,TKTAL,"sqvA,sqvD,sqwI,sqwH,sqwG"
305,MGYG000191712_51:15403:28205,d__Bacteria;p__Frimucutes;c__Clostridia;o__Peptostreptococcales;f__Peptostreptococcaceae;g__Clostridioides;s__Clostridioides difficile,p__Firmicutes,c__Clostridia,g__Clostridioides,s__Clostridioides difficile,EMP,"yihV,sqvD,sqwH,sqwG,sqiA"
306,MGYG000196571_65:0:5795,d__Bacteria;p__Frimucutes;c__Clostridia;o__Clostridiales;f__Clostridiaceae;g__Clostridium;s__Clostridium sp900540255,p__Firmicutes,c__Clostridia,g__Clostridium,s__Clostridium sp900540255,TAL,"sqvA,sqvD"
307,MGYG000196744_219:0:5837,d__Bacteria;p__Frimucutes;c__Clostridia;o__Lachnospirales;f__Lachnospiraceae;g__Clostridium_Q;s__Clostridium_Q symbiosum,p__Firmicutes,c__Clostridia,g__Clostridium_Q,s__Clostridium_Q symbiosum,TAL,"sqvA,sqvD"
308,MGYG000197905_83:0:4978,d__Bacteria;p__Frimucutes;c__Clostridia_A;o__Christensenellales;f__CAG-552;g__UMGS1795;s__UMGS1795 sp900553555,p__Firmicutes,c__Clostridia_A,g__UMGS1795,s__UMGS1795 sp900553555,EMP,"yihV,sqiA,sqvD"
309,MGYG000198353_2:83485:89681,d__Bacteria;p__Frimucutes;c__Clostridia;o__Lachnospirales;f__Lachnospiraceae;g__Blautia_A;s__Blautia_A sp900066145,p__Firmicutes,c__Clostridia,g__Blautia_A,s__Blautia_A sp900066145,EMP,"squF,yihV,sqiA,sqvD"
310,MGYG000198650_73:712:8191,d__Bacteria;p__Frimucutes;c__Clostridia;o__Lachnospirales;f__Lachnospiraceae;g__Roseburia;s__Roseburia sp900753715,p__Firmicutes,c__Clostridia,g__Roseburia,s__Roseburia sp900753715,TAL,"sqvA,sqvD,sqwH,yihR,sqwG"
311,MGYG000199360_5:4513:9723,d__Bacteria;p__Frimucutes;c__Clostridia;o__Oscillospirales;f__Oscillospiraceae;g__CAG-110;s__CAG-110 sp900544945,p__Firmicutes,c__Clostridia,g__CAG-110,s__CAG-110 sp900544945,EMP,"yihV,sqiA,sqvD"
312,MGYG000199811_9:43823:59921,d__Bacteria;p__Bacteroidota;c__Bacteroidia;o__Bacteroidales;f__Bacteroidaceae;g__Bacteroides;s__Bacteroides finegoldii,p__Bacteroidota,c__Bacteroidia,g__Bacteroides,s__Bacteroides finegoldii,TK,"sqvD,sqwI,yihR,yihS,sqwG"
313,MGYG000200598_88:7873:13990,d__Bacteria;p__Proteobacteria;c__Gammaproteobacteria;o__Enterobacterales;f__Enterobacteriaceae;g__Citrobacter_B;s__Citrobacter_B koseri,p__Proteobacteria,c__Gammaproteobacteria,g__Citrobacter_B,s__Citrobacter_B koseri,EMP,"yihV,yihS,yihT,yihU"
314,MGYG000201043_78:6589:15634,d__Bacteria;p__Proteobacteria;c__Gammaproteobacteria;o__Enterobacterales;f__Enterobacteriaceae;g__Citrobacter;s__Citrobacter europaeus,p__Proteobacteria,c__Gammaproteobacteria,g__Citrobacter,s__Citrobacter europaeus,EMP,"yihV,yihQ,yihU,yihR,yihS,yihT"
315,MGYG000201187_120:12844:20769,d__Bacteria;p__Frimucutes;c__Clostridia;o__Lachnospirales;f__Lachnospiraceae;g__Eisenbergiella;s__Eisenbergiella sp003478085,p__Firmicutes,c__Clostridia,g__Eisenbergiella,s__Eisenbergiella sp003478085,EMP,"yihV,sqiA,yihS"
316,MGYG000201693_161:0:4805,d__Bacteria;p__Frimucutes;c__Clostridia;o__Lachnospirales;f__Lachnospiraceae;g__CAG-791;s__CAG-791 sp000431495,p__Firmicutes,c__Clostridia,g__CAG-791,s__CAG-791 sp000431495,EMP,"squF,yihV,sqiA,sqvD"
317,MGYG000201948_325:0:3697,d__Bacteria;p__Frimucutes;c__Clostridia;o__Monoglobales;f__Monoglobaceae;g__UMGS1820;s__UMGS1820 sp900545865,p__Firmicutes,c__Clostridia,g__UMGS1820,s__UMGS1820 sp900545865,EMP,"yihV,sqiA,sqvD"
318,MGYG000202187_7:20904:42240,d__Bacteria;p__Bacteroidota;c__Bacteroidia;o__Bacteroidales;f__Bacteroidaceae;g__Bacteroides;s__Bacteroides salyersiae,p__Bacteroidota,c__Bacteroidia,g__Bacteroides,s__Bacteroides salyersiae,TK,"sqvD,sqwI,sqwH,yihR,sqwG"
319,MGYG000203745_49:0:11494,d__Bacteria;p__Frimucutes;c__Clostridia;o__Oscillospirales;f__Oscillospiraceae;g__UBA1777;s__UBA1777 sp900547315,p__Firmicutes,c__Clostridia,g__UBA1777,s__UBA1777 sp900547315,TK,"sqvD,sqwI,yihQ,sqwH,sqwG"
320,MGYG000204081_1:298686:304373,d__Bacteria;p__Frimucutes;c__Clostridia;o__Lachnospirales;f__Lachnospiraceae;g__Coprococcus;s__Coprococcus sp900066115,p__Firmicutes,c__Clostridia,g__Coprococcus,s__Coprococcus sp900066115,TAL,"sqwG,yihV,sqvA,sqvD"
321,MGYG000204514_113:4827:11828,d__Bacteria;p__Proteobacteria;c__Gammaproteobacteria;o__Enterobacterales;f__Enterobacteriaceae;g__Klebsiella_A;s__Klebsiella_A michiganensis,p__Proteobacteria,c__Gammaproteobacteria,g__Klebsiella_A,s__Klebsiella_A michiganensis,EMP,"yihV,yihU,yihR,yihS,yihT"
322,MGYG000205344_9:4454:21088,d__Bacteria;p__Frimucutes;c__Clostridia;o__Oscillospirales;f__Oscillospiraceae;g__CAG-170;s__CAG-170 sp000432135,p__Firmicutes,c__Clostridia,g__CAG-170,s__CAG-170 sp000432135,EMP,"yihV,sqvD,sedA,slaB,yihR,sqgA,squF,sqiA"
323,MGYG000208645_24:1425:17804,d__Bacteria;p__Bacteroidota;c__Bacteroidia;o__Bacteroidales;f__Bacteroidaceae;g__Bacteroides;s__Bacteroides stercorirosoris,p__Bacteroidota,c__Bacteroidia,g__Bacteroides,s__Bacteroides stercorirosoris,TK,"sqvD,sqwI,yihR,yihS,sqwG"
324,MGYG000209321_58:616:11599,d__Bacteria;p__Bacteroidota;c__Bacteroidia;o__Bacteroidales;f__Bacteroidaceae;g__Bacteroides;s__Bacteroides cellulosilyticus,p__Bacteroidota,c__Bacteroidia,g__Bacteroides,s__Bacteroides cellulosilyticus,TK,"sqwG,yihS,sqvD,sqwI"
325,MGYG000209808_155:0:4665,d__Bacteria;p__Frimucutes;c__Clostridia;o__Lachnospirales;f__Lachnospiraceae;g__Lachnospira;s__Lachnospira sp900545725,p__Firmicutes,c__Clostridia,g__Lachnospira,s__Lachnospira sp900545725,TAL,"sqvA,sqvD"
326,MGYG000210798_4:0:12287,d__Bacteria;p__Frimucutes;c__Clostridia;o__Lachnospirales;f__Lachnospiraceae;g__Faecalimonas;s__Faecalimonas phoceensis,p__Firmicutes,c__Clostridia,g__Faecalimonas,s__Faecalimonas phoceensis,EMP,"yihV,sqvD,sqwI,yihT,sqiA"
327,MGYG000211001_4:11487:27805,d__Bacteria;p__Bacteroidota;c__Bacteroidia;o__Bacteroidales;f__Bacteroidaceae;g__Prevotella;s__Prevotella sp900540375,p__Bacteroidota,c__Bacteroidia,g__Prevotella,s__Prevotella sp900540375,TK,"sqwG,yihR,sqvD,sqwI"
328,MGYG000211634_3:0:15301,d__Bacteria;p__Frimucutes;c__Clostridia;o__Oscillospirales;f__Ruminococcaceae;g__UMGS1668;s__UMGS1668 sp900553955,p__Firmicutes,c__Clostridia,g__UMGS1668,s__UMGS1668 sp900553955,EMP,"yihV,sqvD,sedA,slaB,yihS,squF,sqiA"
329,MGYG000211986_25:5877:12677,d__Bacteria;p__Frimucutes;c__Clostridia;o__Oscillospirales;f__Acutalibacteraceae;g__UBA737;s__UBA737 sp900543215,p__Firmicutes,c__Clostridia,g__UBA737,s__UBA737 sp900543215,EMP,"yihV,sqiA,sqvD"
330,MGYG000212431_157:665:11499,d__Bacteria;p__Bacteroidota;c__Bacteroidia;o__Bacteroidales;f__Bacteroidaceae;g__Bacteroides;s__Bacteroides sp902362375,p__Bacteroidota,c__Bacteroidia,g__Bacteroides,s__Bacteroides sp902362375,TK,"sqwG,yihS,sqvD,sqwI"
331,MGYG000212704_28:0:6800,d__Bacteria;p__Bacteroidota;c__Bacteroidia;o__Bacteroidales;f__Tannerellaceae;g__Parabacteroides;s__Parabacteroides sp900760525,p__Bacteroidota,c__Bacteroidia,g__Parabacteroides,s__Parabacteroides sp900760525,TK,"sqwG,sqvD,sqwI"
332,MGYG000213590_1:394372:419403,d__Bacteria;p__Bacteroidota;c__Bacteroidia;o__Bacteroidales;f__Bacteroidaceae;g__Phocaeicola;s__Phocaeicola dorei,p__Bacteroidota,c__Bacteroidia,g__Phocaeicola,s__Phocaeicola dorei,TK,"sqvD,sqwI,sqwH,yihR,sqgA,sqwG"
333,MGYG000214268_16:84221:90312,d__Bacteria;p__Proteobacteria;c__Gammaproteobacteria;o__Enterobacterales;f__Enterobacteriaceae;g__Enterobacter;s__Enterobacter roggenkampii,p__Proteobacteria,c__Gammaproteobacteria,g__Enterobacter,s__Enterobacter roggenkampii,EMP,"yihV,yihS,yihT,yihU"
334,MGYG000215700_41:17499:31745,d__Bacteria;p__Bacteroidota;c__Bacteroidia;o__Bacteroidales;f__Bacteroidaceae;g__Phocaeicola;s__Phocaeicola coprocola,p__Bacteroidota,c__Bacteroidia,g__Phocaeicola,s__Phocaeicola coprocola,TK,"sqvD,sqwI,yihQ,yihR,sqwG"
335,MGYG000217271_16:0:9335,d__Bacteria;p__Verrucomicrobiota;c__Lentisphaeria;o__Victivallales;f__Victivallaceae;g__Victivallis;s__Victivallis sp900550905,p__Verrucomicrobiota,c__Lentisphaeria,g__Victivallis,s__Victivallis sp900550905,EMP,"yihV,sqiA,sqvD"
336,MGYG000218451_18:19624:27483,d__Bacteria;p__Frimucutes;c__Clostridia;o__Oscillospirales;f__Acutalibacteraceae;g__UBA737;s__UBA737 sp900543215,p__Firmicutes,c__Clostridia,g__UBA737,s__UBA737 sp900543215,TAL,"sqgA,sqvA,sqvD"
337,MGYG000219442_72:3641:17483,d__Bacteria;p__Proteobacteria;c__Gammaproteobacteria;o__Enterobacterales;f__Enterobacteriaceae;g__Phytobacter;s__Phytobacter diazotrophicus,p__Proteobacteria,c__Gammaproteobacteria,g__Phytobacter,s__Phytobacter diazotrophicus,EMP,"sqiK,sqiA,yihS,yihU"
338,MGYG000220556_243:0:8077,d__Bacteria;p__Bacteroidota;c__Bacteroidia;o__Bacteroidales;f__Bacteroidaceae;g__Phocaeicola;s__Phocaeicola plebeius_A,p__Bacteroidota,c__Bacteroidia,g__Phocaeicola,s__Phocaeicola plebeius_A,TK,"sqwG,yihR,sqvD,sqwI"
339,MGYG000221664_377:0:1552,d__Bacteria;p__Frimucutes;c__Clostridia;o__Oscillospirales;f__Ruminococcaceae;g__Faecalibacterium;s__Faecalibacterium prausnitzii_G,p__Firmicutes,c__Clostridia,g__Faecalibacterium,s__Faecalibacterium prausnitzii_G,TAL,"sqvA,sqvD"
340,MGYG000221778_238:1812:7103,d__Bacteria;p__Frimucutes;c__Clostridia;o__Oscillospirales;f__CAG-272;g__CAG-390;s__CAG-390 sp003523225,p__Firmicutes,c__Clostridia,g__CAG-390,s__CAG-390 sp003523225,TAL,"sqvA,sqvD"
341,MGYG000222568_38:13123:21837,d__Bacteria;p__Verrucomicrobiota;c__Lentisphaeria;o__Victivallales;f__Victivallaceae;g__Victivallis;s__Victivallis sp900551245,p__Verrucomicrobiota,c__Lentisphaeria,g__Victivallis,s__Victivallis sp900551245,EMP,"yihV,sqiA,sqvD"
342,MGYG000223539_12:46655:51946,d__Bacteria;p__Verrucomicrobiota;c__Verrucomicrobiae;o__Opitutales;f__CAG-312;g__CAG-312;s__CAG-312 sp000438015,p__Verrucomicrobiota,c__Verrucomicrobiae,g__CAG-312,s__CAG-312 sp000438015,EMP,"yihV,sqiA,sqvD"
343,MGYG000223920_12:3042:12139,d__Bacteria;p__Proteobacteria;c__Gammaproteobacteria;o__Enterobacterales;f__Enterobacteriaceae;g__Klebsiella;s__Klebsiella pneumoniae,p__Proteobacteria,c__Gammaproteobacteria,g__Klebsiella,s__Klebsiella pneumoniae,EMP,"yihV,yihQ,yihU,yihR,yihS,yihT"
344,MGYG000225229_8:37679:44977,d__Bacteria;p__Bacteroidota;c__Bacteroidia;o__Bacteroidales;f__Bacteroidaceae;g__Prevotella;s__Prevotella sp900544825,p__Bacteroidota,c__Bacteroidia,g__Prevotella,s__Prevotella sp900544825,TK,"sqwG,sqvD,sqwI"
345,MGYG000226236_29:8422:31521,d__Bacteria;p__Frimucutes;c__Clostridia;o__Lachnospirales;f__Lachnospiraceae;g__Schaedlerella;s__Schaedlerella sp900066545,p__Firmicutes,c__Clostridia,g__Schaedlerella,s__Schaedlerella sp900066545,TAL,"sqvA,sqvD,sedA,yihQ,yihS,sqwF"
346,MGYG000227680_70:5526:13787,d__Bacteria;p__Bacteroidota;c__Bacteroidia;o__Bacteroidales;f__Bacteroidaceae;g__Prevotella;s__Prevotella sp900546535,p__Bacteroidota,c__Bacteroidia,g__Prevotella,s__Prevotella sp900546535,TK,"sqwG,sqvD,sqwI"
347,MGYG000229994_40:8705:12598,d__Bacteria;p__Frimucutes;c__Clostridia;o__Lachnospirales;f__Lachnospiraceae;g__Bacteroides_F;s__Bacteroides_F pectinophilus,p__Firmicutes,c__Clostridia,g__Bacteroides_F,s__Bacteroides_F pectinophilus,TAL,"sqvA,sqvD"
348,MGYG000231751_61:8609:14375,d__Bacteria;p__Bacteroidota;c__Bacteroidia;o__Bacteroidales;f__Bacteroidaceae;g__Prevotella;s__Prevotella sp002480935,p__Bacteroidota,c__Bacteroidia,g__Prevotella,s__Prevotella sp002480935,TK,"sqwG,sqvD,sqwI"
349,MGYG000235536_68:8558:16325,d__Bacteria;p__Bacteroidota;c__Bacteroidia;o__Bacteroidales;f__Tannerellaceae;g__Parabacteroides;s__Parabacteroides acidifaciens,p__Bacteroidota,c__Bacteroidia,g__Parabacteroides,s__Parabacteroides acidifaciens,TK,"sqwG,sqvD,sqwI"
350,MGYG000239151_27:1311:7529,d__Bacteria;p__Frimucutes;c__Clostridia;o__Oscillospirales;f__Acutalibacteraceae;g__Clostridium_A;s__Clostridium_A leptum,p__Firmicutes,c__Clostridia,g__Clostridium_A,s__Clostridium_A leptum,EMP,"squF,yihV,sqiA,sqvD"
351,MGYG000241133_80:18978:26754,d__Bacteria;p__Bacteroidota;c__Bacteroidia;o__Bacteroidales;f__Bacteroidaceae;g__Prevotella;s__Prevotella sp900548745,p__Bacteroidota,c__Bacteroidia,g__Prevotella,s__Prevotella sp900548745,TK,"sqwG,sqvD,sqwI"
352,MGYG000243031_34:57585:71245,d__Bacteria;p__Frimucutes;c__Clostridia;o__Oscillospirales;f__Acutalibacteraceae;g__CAG-177;s__CAG-177 sp003514385,p__Firmicutes,c__Clostridia,g__CAG-177,s__CAG-177 sp003514385,TAL,"yihV,sqvA,sqvD,yihQ,yihU"
353,MGYG000243573_4:56466:64776,d__Bacteria;p__Frimucutes;c__Clostridia;o__Monoglobales_A;f__UBA1381;g__CAG-41;s__CAG-41 sp900066215,p__Firmicutes,c__Clostridia,g__CAG-41,s__CAG-41 sp900066215,TAL,"sqwG,sqvA,sqvD"
354,MGYG000245576_273:0:2760,d__Bacteria;p__Frimucutes;c__Clostridia;o__Oscillospirales;f__Ruminococcaceae;g__Faecalibacterium;s__Faecalibacterium prausnitzii_E,p__Firmicutes,c__Clostridia,g__Faecalibacterium,s__Faecalibacterium prausnitzii_E,TAL,"sqwG,sqvA,sqvD"
355,MGYG000246212_80:0:10394,d__Bacteria;p__Frimucutes;c__Clostridia;o__Lachnospirales;f__Lachnospiraceae;g__Roseburia;s__Roseburia intestinalis,p__Firmicutes,c__Clostridia,g__Roseburia,s__Roseburia intestinalis,TAL,"sqvA,sqvD,sqwH,yihR,sqwG,sqwF"
356,MGYG000246977_30:17484:23366,d__Bacteria;p__Frimucutes;c__Clostridia_A;o__Christensenellales;f__UBA1750;g__UBA7102;s__,p__Firmicutes,c__Clostridia_A,g__UBA7102,s__,EMP,"yihV,sqiA,sqvD"
357,MGYG000248150_187:0:4518,d__Bacteria;p__Frimucutes;c__Clostridia;o__Lachnospirales;f__Lachnospiraceae;g__Coprococcus_A;s__Coprococcus_A catus,p__Firmicutes,c__Clostridia,g__Coprococcus_A,s__Coprococcus_A catus,TAL,"sqvA,sqvD"
358,MGYG000249019_220:0:3534,d__Bacteria;p__Frimucutes;c__Clostridia;o__Oscillospirales;f__Ruminococcaceae;g__Gemmiger;s__Gemmiger formicilis,p__Firmicutes,c__Clostridia,g__Gemmiger,s__Gemmiger formicilis,TAL,"sqwG,sqvA,sqvD"
359,MGYG000249422_57:0:10935,d__Bacteria;p__Bacteroidota;c__Bacteroidia;o__Bacteroidales;f__Bacteroidaceae;g__Bacteroides;s__Bacteroides stercoris,p__Bacteroidota,c__Bacteroidia,g__Bacteroides,s__Bacteroides stercoris,TK,"sqwG,yihS,sqvD,sqwI"
360,MGYG000250882_6:47692:63921,d__Bacteria;p__Frimucutes;c__Clostridia;o__Oscillospirales;f__Acutalibacteraceae;g__Clostridium_A;s__Clostridium_A leptum,p__Firmicutes,c__Clostridia,g__Clostridium_A,s__Clostridium_A leptum,EMPTAL,"yihV,sqvA,sqvD,sqwH,sqwG,sqwF,sqiA"
361,MGYG000251135_12:22168:28259,d__Bacteria;p__Proteobacteria;c__Gammaproteobacteria;o__Enterobacterales;f__Enterobacteriaceae;g__Enterobacter;s__Enterobacter mori,p__Proteobacteria,c__Gammaproteobacteria,g__Enterobacter,s__Enterobacter mori,EMP,"yihV,yihS,yihT,yihU"
362,MGYG000251143_88:28952:43735,d__Bacteria;p__Bacteroidota;c__Bacteroidia;o__Bacteroidales;f__Bacteroidaceae;g__Prevotella;s__Prevotella sp900772835,p__Bacteroidota,c__Bacteroidia,g__Prevotella,s__Prevotella sp900772835,TK,"sqwG,yihR,sqvD,sqwI"
363,MGYG000252132_879:0:3975,d__Bacteria;p__Firmicutes;c__Bacilli;o__Bacillales_G;f__Sporolactobacillaceae;g__Sporolactobacillus;s__Sporolactobacillus sp900543345,p__Firmicutes,c__Bacilli,g__Sporolactobacillus,s__Sporolactobacillus sp900543345,TAL,"sqvA,sqvD"
364,MGYG000252410_6:72847:79839,d__Bacteria;p__Frimucutes;c__Clostridia;o__Lachnospirales;f__Lachnospiraceae;g__Eisenbergiella;s__Eisenbergiella sp900548905,p__Firmicutes,c__Clostridia,g__Eisenbergiella,s__Eisenbergiella sp900548905,EMP,"yihV,sqvD,sqwI,yihU,sqiA"
365,MGYG000254706_50:666:8539,d__Bacteria;p__Bacteroidota;c__Bacteroidia;o__Bacteroidales;f__Bacteroidaceae;g__Phocaeicola;s__Phocaeicola sp900553185,p__Bacteroidota,c__Bacteroidia,g__Phocaeicola,s__Phocaeicola sp900553185,TK,"sqwG,sqvD,sqwI"
366,MGYG000255304_123:1867450:1882279,d__Bacteria;p__Frimucutes;c__Clostridia;o__Lachnospirales;f__Lachnospiraceae;g__Extibacter;s__Extibacter hylemonae,p__Firmicutes,c__Clostridia,g__Extibacter,s__Extibacter hylemonae,EMP,"sedA,yihV,sqiA,sqvD"
367,MGYG000255435_13:25882:32845,d__Bacteria;p__Proteobacteria;c__Gammaproteobacteria;o__Enterobacterales;f__Enterobacteriaceae;g__Citrobacter;s__Citrobacter portucalensis_A,p__Proteobacteria,c__Gammaproteobacteria,g__Citrobacter,s__Citrobacter portucalensis_A,EMP,"yihV,yihU,yihR,yihS,yihT"
368,MGYG000257657_22:2721:10323,d__Bacteria;p__Frimucutes;c__Clostridia;o__Oscillospirales;f__Acutalibacteraceae;g__CAG-180;s__CAG-180 sp000432435,p__Firmicutes,c__Clostridia,g__CAG-180,s__CAG-180 sp000432435,TAL,"yihQ,sqvA,sqvD,yihU"
369,MGYG000258998_8:638:20987,d__Bacteria;p__Frimucutes;c__Clostridia;o__UMGS1883;f__UMGS1883;g__UMGS1540;s__UMGS1540 sp900552775,p__Firmicutes,c__Clostridia,g__UMGS1540,s__UMGS1540 sp900552775,EMP,"yihV,sqvD,sedA,slaB,yihS,yihT,squF,sqiA"
370,MGYG000259381_2:689726:694988,d__Bacteria;p__Frimucutes;c__Clostridia;o__Lachnospirales;f__Lachnospiraceae;g__Hungatella_A;s__Hungatella_A hathewayi_A,p__Firmicutes,c__Clostridia,g__Hungatella_A,s__Hungatella_A hathewayi_A,EMP,"yihV,sqiA,sqvD"
371,MGYG000260546_18:0:6238,d__Bacteria;p__Frimucutes;c__Negativicutes;o__Selenomonadales;f__Selenomonadaceae;g__Mitsuokella;s__Mitsuokella multacida,p__Firmicutes,c__Negativicutes,g__Mitsuokella,s__Mitsuokella multacida,TAL,"sqvA,sqvD"
372,MGYG000261028_14:11979:31278,d__Bacteria;p__Bacteroidota;c__Bacteroidia;o__Bacteroidales;f__Bacteroidaceae;g__Bacteroides;s__Bacteroides eggerthii,p__Bacteroidota,c__Bacteroidia,g__Bacteroides,s__Bacteroides eggerthii,TK,"sqvD,sqwI,sqwH,yihR,yihS,sqwG"
373,MGYG000262581_14:12660:21873,d__Bacteria;p__Bacteroidota;c__Bacteroidia;o__Bacteroidales;f__Bacteroidaceae;g__Prevotella;s__Prevotella sp000436915,p__Bacteroidota,c__Bacteroidia,g__Prevotella,s__Prevotella sp000436915,TK,"sqwG,sqvD,sqwI"
374,MGYG000262766_79:4463:9588,d__Bacteria;p__Frimucutes;c__Clostridia;o__Lachnospirales;f__Lachnospiraceae;g__Acetatifactor;s__Acetatifactor sp900066565,p__Firmicutes,c__Clostridia,g__Acetatifactor,s__Acetatifactor sp900066565,TAL,"sqwG,sqvA,sqvD"
375,MGYG000263395_27:5970:15060,d__Bacteria;p__Proteobacteria;c__Gammaproteobacteria;o__Enterobacterales;f__Enterobacteriaceae;g__Klebsiella_A;s__Klebsiella_A grimontii,p__Proteobacteria,c__Gammaproteobacteria,g__Klebsiella_A,s__Klebsiella_A grimontii,EMP,"yihV,yihQ,yihU,yihR,yihS,yihT"
376,MGYG000263949_194:70:4395,d__Bacteria;p__Frimucutes;c__Clostridia_A;o__Christensenellales;f__UBA1750;g__UBA7102;s__UBA7102 sp900760085,p__Firmicutes,c__Clostridia_A,g__UBA7102,s__UBA7102 sp900760085,EMP,"yihV,sqiA,sqvD"
377,MGYG000264476_1:29884:33930,d__Bacteria;p__Frimucutes;c__Clostridia;o__Oscillospirales;f__Acutalibacteraceae;g__UBA5905;s__UBA5905 sp900549155,p__Firmicutes,c__Clostridia,g__UBA5905,s__UBA5905 sp900549155,TAL,"sqvA,sqvD"
378,MGYG000265329_2:8247:18781,d__Bacteria;p__Bacteroidota;c__Bacteroidia;o__Bacteroidales;f__Bacteroidaceae;g__Phocaeicola;s__Phocaeicola barnesiae,p__Bacteroidota,c__Bacteroidia,g__Phocaeicola,s__Phocaeicola barnesiae,TK,"sqwG,yihR,sqvD,sqwI"
379,MGYG000266891_253:564:4878,d__Bacteria;p__Frimucutes;c__Clostridia;o__Lachnospirales;f__Lachnospiraceae;g__Roseburia;s__Roseburia hominis,p__Firmicutes,c__Clostridia,g__Roseburia,s__Roseburia hominis,TAL,"sqwG,sqvA,sqvD"
380,MGYG000268895_17:22358:28449,d__Bacteria;p__Proteobacteria;c__Gammaproteobacteria;o__Enterobacterales;f__Enterobacteriaceae;g__Enterobacter;s__Enterobacter asburiae_B,p__Proteobacteria,c__Gammaproteobacteria,g__Enterobacter,s__Enterobacter asburiae_B,EMP,"yihV,yihS,yihT,yihU"
381,MGYG000268926_88:0:8309,d__Bacteria;p__Frimucutes;c__Clostridia;o__Lachnospirales;f__Lachnospiraceae;g__Mediterraneibacter;s__Mediterraneibacter faecis,p__Firmicutes,c__Clostridia,g__Mediterraneibacter,s__Mediterraneibacter faecis,TK,"sqwG,sqgA,sqvD,sqwI"
382,MGYG000269545_2:96638:105683,d__Bacteria;p__Proteobacteria;c__Gammaproteobacteria;o__Enterobacterales;f__Enterobacteriaceae;g__Citrobacter;s__Citrobacter portucalensis,p__Proteobacteria,c__Gammaproteobacteria,g__Citrobacter,s__Citrobacter portucalensis,EMP,"yihV,yihQ,yihU,yihR,yihS,yihT"
383,MGYG000270531_43:0:3288,d__Bacteria;p__Frimucutes;c__Clostridia;o__Oscillospirales;f__Ruminococcaceae;g__Gemmiger;s__Gemmiger qucibialis,p__Firmicutes,c__Clostridia,g__Gemmiger,s__Gemmiger qucibialis,TAL,"sqvA,sqvD"
384,MGYG000271024_3:18386:24068,d__Bacteria;p__Frimucutes;c__Clostridia;o__Oscillospirales;f__Ruminococcaceae;g__Ruminococcus_D;s__Ruminococcus_D bicirculans,p__Firmicutes,c__Clostridia,g__Ruminococcus_D,s__Ruminococcus_D bicirculans,TAL,"sqvA,sqvD"
385,MGYG000271492_11:30717:43236,d__Bacteria;p__Frimucutes;c__Clostridia;o__Lachnospirales;f__Lachnospiraceae;g__Blautia_A;s__Blautia_A faecis,p__Firmicutes,c__Clostridia,g__Blautia_A,s__Blautia_A faecis,EMP,"squF,yihV,sqiA,sqvD"
386,MGYG000271736_31:116222:124164,d__Bacteria;p__Frimucutes;c__Clostridia;o__Oscillospirales;f__Oscillospiraceae;g__CAG-110;s__CAG-110 sp000434635,p__Firmicutes,c__Clostridia,g__CAG-110,s__CAG-110 sp000434635,EMP,"yihV,sqvD,yihR,squF,sqiA"
387,MGYG000272663_112:4049:14003,d__Bacteria;p__Verrucomicrobiota;c__Lentisphaeria;o__Victivallales;f__Victivallaceae;g__Victivallis;s__Victivallis vadensis,p__Verrucomicrobiota,c__Lentisphaeria,g__Victivallis,s__Victivallis vadensis,EMP,"yihV,sqiA,sqvD"
388,MGYG000273856_10:4446:15280,d__Bacteria;p__Frimucutes;c__Clostridia;o__Lachnospirales;f__Lachnospiraceae;g__Enterocloster;s__Enterocloster lavalensis,p__Firmicutes,c__Clostridia,g__Enterocloster,s__Enterocloster lavalensis,EMP,"yihV,sqvD,yihR,squF,sqiA"
389,MGYG000275344_73:0:9425,d__Bacteria;p__Frimucutes;c__Clostridia;o__Oscillospirales;f__Acutalibacteraceae;g__Clostridium_E;s__Clostridium_E jeddahense,p__Firmicutes,c__Clostridia,g__Clostridium_E,s__Clostridium_E jeddahense,TK,"sqvD,sqwI,yihQ,sqwH,sqwG,sqwF"
390,MGYG000275519_7:7868:15569,d__Bacteria;p__Frimucutes;c__Clostridia;o__Oscillospirales;f__Acutalibacteraceae;g__UMGS856;s__UMGS856 sp900546265,p__Firmicutes,c__Clostridia,g__UMGS856,s__UMGS856 sp900546265,EMP,"yihV,sqiA,sqvD"
391,MGYG000276582_37:16029:25075,d__Bacteria;p__Proteobacteria;c__Gammaproteobacteria;o__Enterobacterales;f__Enterobacteriaceae;g__Citrobacter;s__Citrobacter freundii,p__Proteobacteria,c__Gammaproteobacteria,g__Citrobacter,s__Citrobacter freundii,EMP,"yihV,yihQ,yihU,yihR,yihS,yihT"
392,MGYG000277875_7:33184:43884,d__Bacteria;p__Frimucutes;c__Clostridia;o__Oscillospirales;f__Ruminococcaceae;g__Gemmiger;s__Gemmiger formicilis,p__Firmicutes,c__Clostridia,g__Gemmiger,s__Gemmiger formicilis,TAL,"sqvA,sqvD,yihU"
393,MGYG000278067_662:274:4443,d__Bacteria;p__Frimucutes;c__Clostridia;o__Clostridiales;f__Clostridiaceae;g__Clostridium;s__,p__Firmicutes,c__Clostridia,g__Clostridium,s__,TAL,"sqvA,sqvD"
394,MGYG000279813_404:0:7974,d__Bacteria;p__Frimucutes;c__Clostridia;o__Lachnospirales;f__Lachnospiraceae;g__Roseburia;s__Roseburia intestinalis,p__Firmicutes,c__Clostridia,g__Roseburia,s__Roseburia intestinalis,TAL,"sqvA,sqvD,sqwH,yihR,sqwG"
395,MGYG000280068_30:8400:15829,d__Bacteria;p__Frimucutes;c__Clostridia;o__Oscillospirales;f__Ruminococcaceae;g__Ruminiclostridium_E;s__Ruminiclostridium_E siraeum,p__Firmicutes,c__Clostridia,g__Ruminiclostridium_E,s__Ruminiclostridium_E siraeum,TAL,"sqwG,sqvD,sqvA,sqwH"
396,MGYG000281154_2:0:5449,d__Bacteria;p__Bacteroidota;c__Bacteroidia;o__Bacteroidales;f__Tannerellaceae;g__Parabacteroides;s__Parabacteroides johnsonii,p__Bacteroidota,c__Bacteroidia,g__Parabacteroides,s__Parabacteroides johnsonii,TK,"sqwG,sqvD,sqwI"
397,MGYG000281899_97:88229:104028,d__Bacteria;p__Bacteroidota;c__Bacteroidia;o__Bacteroidales;f__Bacteroidaceae;g__Bacteroides;s__Bacteroides thetaiotaomicron,p__Bacteroidota,c__Bacteroidia,g__Bacteroides,s__Bacteroides thetaiotaomicron,TK,"sqvD,sqwI,yihR,yihS,sqwG"
398,MGYG000282773_34:82610:99110,d__Bacteria;p__Bacteroidota;c__Bacteroidia;o__Bacteroidales;f__Bacteroidaceae;g__Bacteroides;s__Bacteroides gallinarum,p__Bacteroidota,c__Bacteroidia,g__Bacteroides,s__Bacteroides gallinarum,TK,"sqvD,sqwI,yihR,yihS,sqwG"
399,MGYG000283073_19:0:6467,d__Bacteria;p__Frimucutes;c__Clostridia;o__Lachnospirales;f__Lachnospiraceae;g__Coprococcus_A;s__Coprococcus_A sp900548825,p__Firmicutes,c__Clostridia,g__Coprococcus_A,s__Coprococcus_A sp900548825,TAL,"sqvA,sqvD"
400,MGYG000283098_1:393495:409481,d__Bacteria;p__Bacteroidota;c__Bacteroidia;o__Bacteroidales;f__Bacteroidaceae;g__Paraprevotella;s__Paraprevotella clara,p__Bacteroidota,c__Bacteroidia,g__Paraprevotella,s__Paraprevotella clara,TK,"sqwG,yihR,sqvD,sqwI"
401,MGYG000283968_82:0:7259,d__Bacteria;p__Frimucutes;c__Clostridia;o__UMGS1883;f__HGM11501;g__HGM11501;s__HGM11501 sp900766735,p__Firmicutes,c__Clostridia,g__HGM11501,s__HGM11501 sp900766735,EMP,"yihV,yihR,sqiA,sqvD"
402,MGYG000285963_19:26144:33980,d__Bacteria;p__Bacteroidota;c__Bacteroidia;o__Bacteroidales;f__Bacteroidaceae;g__CAG-462;s__CAG-462 sp003489705,p__Bacteroidota,c__Bacteroidia,g__CAG-462,s__CAG-462 sp003489705,TK,"sqwG,sqvD,sqwI"
403,MGYG000287715_18:44868:52592,d__Bacteria;p__Frimucutes;c__Clostridia;o__Lachnospirales;f__Lachnospiraceae;g__Coprococcus;s__Coprococcus eutactus_A,p__Firmicutes,c__Clostridia,g__Coprococcus,s__Coprococcus eutactus_A,TAL,"sqvA,sqvD,yihU"
404,MGYG000287833_270:5339:10028,d__Bacteria;p__Proteobacteria;c__Gammaproteobacteria;o__Enterobacterales;f__Enterobacteriaceae;g__Enterobacter;s__Enterobacter kobei,p__Proteobacteria,c__Gammaproteobacteria,g__Enterobacter,s__Enterobacter kobei,EMP,"yihV,yihS,yihT,yihU"
405,MGYG000288164_110:0:7799,d__Bacteria;p__Frimucutes;c__Clostridia;o__Oscillospirales;f__Oscillospiraceae;g__CAG-170;s__CAG-170 sp900545925,p__Firmicutes,c__Clostridia,g__CAG-170,s__CAG-170 sp900545925,EMP,"yihV,sqvD,sedA,slaB,yihR,sqiA"
406,MGYG000288263_76:1391:9300,d__Bacteria;p__Frimucutes;c__Clostridia;o__Clostridiales;f__Clostridiaceae;g__Clostridium;s__Clostridium saudiense,p__Firmicutes,c__Clostridia,g__Clostridium,s__Clostridium saudiense,TAL,"sqwG,sqvA,sqvD"
407,MGYG000288524_6:58386:73796,d__Bacteria;p__Frimucutes;c__Clostridia;o__Lachnospirales;f__Lachnospiraceae;g__UBA9502;s__UBA9502 sp003480315,p__Firmicutes,c__Clostridia,g__UBA9502,s__UBA9502 sp003480315,TK,"sqvD,sqwI,sedA,sqwH,yihU,sqwG"
